dt,leftfoot_px,leftfoot_py,leftfoot_pz,leftfoot_rx,leftfoot_ry,leftfoot_rz,rightfoot_px,rightfoot_py,rightfoot_pz,rightfoot_rx,rightfoot_ry,rightfoot_rz,hip_px,hip_py,hip_pz,hip_rx,hip_ry,hip_rz,direction_px,direction_py,direction_pz,direction_rx,direction_ry,direction_rz,head_px,head_py,head_pz,head_rx,head_ry,head_rz,locomotionPoint_px,locomotionPoint_py,locomotionPoint_pz,locomotionPoint_rx,locomotionPoint_ry,locomotionPoint_rz,
0.0165668,0.03543055,0.129868,-0.08098555,272.8823,343.9432,24.61391,0.2369529,0.1232569,0.07650375,284.0721,176.4084,189.7345,0,0,0,0,0,0,0,-0.03333665,0,0,8.640084,0,0,0,0,0,0,0,0.3201667,0.03333665,0.5308157,0,0,0,
0.0165663,0.03457415,0.127038,-0.08774745,272.7459,333.095,35.58305,0.236972,0.1207807,0.08312297,284.6783,175.384,190.3485,0,0,0,0,0,0,0,-0.03333665,0,0,8.640084,0,0,0,0,0,0,0,0.32068,0.03333665,0.5341933,0,0,0,
0.0165668,0.0333457,0.1291153,-0.091205,270.9889,332.808,35.87049,0.2351992,0.1304755,0.09296298,283.9307,214.4835,150.537,0,0,0,0,0,0,0,-0.03333665,0,0,9.064393,0,0,0,0,0,0,0,0.3213713,0.03333665,0.5385827,0,0,0,
0.0165669,0.03306627,0.1282578,-0.09745193,273.24,345.0269,23.32827,0.2386903,0.1256449,0.0911839,281.5718,181.765,182.4344,0,0,0,0,0,0,0,-0.03333665,0,0,201.4535,0,0,0,0,0,0,0,0.3211619,0.03333665,0.5386966,0,0,0,
0.0165667,0.03279924,0.12924,-0.1045576,272.086,350.0609,18.22274,0.2350547,0.1265316,0.090415,281.9492,178.7938,186.2052,0,0,0,0,0,0,0,-0.03333665,0,0,201.4535,0,0,0,0,0,0,0,0.3203911,0.03333665,0.5367352,0,0,0,
0.0207929,0.03139925,0.1288702,-0.107718,273.7408,343.2571,25.42581,0.236981,0.1217358,0.09212112,281.0427,186.2922,179.5522,0,0,0,0,0,0,0,-0.03333665,0,0,8.211933,0,0,0,0,0,0,0,0.3200246,0.03333665,0.5358026,0,0,0,
0.0298709,0.03125942,0.1283357,-0.111461,272.804,331.6945,36.76073,0.2351953,0.1243813,0.09178615,280.1671,183.0361,182.562,0,0,0,0,0,0,0,-0.03333665,0,0,199.4016,0,0,0,0,0,0,0,0.3200246,0.03333665,0.5358026,0,0,0,
0.017365,0.02946484,0.1278114,-0.114018,271.4995,302.0654,66.6164,0.2331876,0.1227601,0.0927279,279.5907,187.5509,178.45,0,0,0,0,0,0,0,-0.03333665,0,0,184.8015,0,0,0,0,0,0,0,0.3200246,0.03333665,0.5358026,0,0,0,
0.0158636,0.03051865,0.1313679,-0.1196704,272.251,336.6599,31.88787,0.2310122,0.1243155,0.09228921,279.0387,191.6416,174.5173,0,0,0,0,0,0,0,-0.03333665,0,0,193.9442,0,0,0,0,0,0,0,0.3200246,0.03333665,0.5358026,0,0,0,
0.0164728,0.03133774,0.1331589,-0.1238282,272.5382,5.312208,2.531142,0.2302222,0.1235483,0.0908668,278.1211,195.3391,170.9087,0,0,0,0,0,0,0,-0.03333665,0,0,178.1649,0,0,0,0,0,0,0,0.3200246,0.03333665,0.5358026,0,0,0,
0.0165665,0.0292033,0.1329904,-0.1281658,271.8362,355.6348,12.91147,0.2291094,0.1255989,0.09133458,278.1641,198.7579,167.9094,0,0,0,0,0,0,0,-0.03333665,0,0,178.1649,0,0,0,0,0,0,0,0.3200246,0.03333665,0.5358026,0,0,0,
0.016566,0.03105259,0.1303225,-0.1295817,272.8833,349.238,18.81693,0.2314219,0.1263185,0.08604717,274.6199,189.1323,176.1349,0,0,0,0,0,0,0,-0.03333665,0,0,153.1451,0,0,0,0,0,0,0,0.3200246,0.03333665,0.5358026,0,0,0,
0.0165666,0.02989745,0.1316788,-0.1375463,270.6638,347.6036,20.5099,0.229027,0.1268206,0.08348012,274.2528,200.8511,164.4375,0,0,0,0,0,0,0,-0.03333665,0,0,124.9991,0,0,0,0,0,0,0,0.3200246,0.03333665,0.5358026,0,0,0,
0.0180521,0.02909827,0.1347611,-0.1439116,272.4755,3.564956,4.533034,0.2296429,0.1274166,0.08055949,273.0427,208.2052,157.1551,0,0,0,0,0,0,0,-0.03333665,0,0,102.5149,0,0,0,0,0,0,0,0.3200246,0.03333665,0.5358026,0,0,0,
0.0165673,0.02946901,0.1345675,-0.1511967,272.3366,345.5941,22.47651,0.2288129,0.1280088,0.07787466,272.2001,228.7879,136.0479,0,0,0,0,0,0,0,-0.03333665,0,0,102.5149,0,0,0,0,0,0,0,0.3200246,0.03333665,0.5358026,0,0,0,
0.0165665,0.02855253,0.133018,-0.152673,272.8298,16.04065,351.5365,0.227643,0.1296415,0.07596397,271.6777,270.4392,94.42054,0,0,0,0,0,0,0,-0.03333665,0,0,22.19213,0,0,0,0,0,0,0,0.3200246,0.03333665,0.5358026,0,0,0,
0.0165691,0.02823389,0.1352537,-0.160141,272.6941,5.917674,1.958462,0.2295488,0.1285446,0.0681088,271.6628,253.2217,111.1741,0,0,0,0,0,0,0,-0.03333665,0,0,9.145028,0,0,0,0,0,0,0,0.3200246,0.03333665,0.5358026,0,0,0,
0.0167718,0.0265348,0.1334648,-0.1648819,272.884,10.64535,356.6478,0.2273929,0.1269488,0.05883932,271.1682,200.3676,163.6522,0,0,0,0,0,0,0,-0.03333665,0,0,9.145028,0,0,0,0,0,0,0,0.3200246,0.03333665,0.5358026,0,0,0,
0.0164228,0.02470779,0.1337926,-0.1679862,272.2874,350.2586,17.40575,0.2271382,0.1295984,0.05788302,273.6593,251.8803,113.2698,0,0,0,0,0,0,0,-0.03333665,0,0,17.60771,0,0,0,0,0,0,0,0.3200246,0.03333665,0.5358026,0,0,0,
0.0165036,0.02562666,0.1346502,-0.1744266,275.1994,3.134555,4.28185,0.2265135,0.129499,0.05126476,272.9587,213.9463,151.3889,0,0,0,0,0,0,0,-0.03333665,0,0,17.60771,0,0,0,0,0,0,0,0.3200246,0.03333665,0.5358026,0,0,0,
0.0169038,0.02768183,0.1345811,-0.1791819,272.7685,11.95962,355.1807,0.2248915,0.1303914,0.04785347,272.1025,234.4316,130.4226,0,0,0,0,0,0,0,-0.03333665,0,0,358.323,0,0,0,0,0,0,0,0.3200246,0.03333665,0.5358026,0,0,0,
0.0162307,0.02423751,0.1349928,-0.1833663,273.3643,358.5547,8.940698,0.2244498,0.1252744,0.04519844,272.6526,226.9994,138.1176,0,0,0,0,0,0,0,-0.03333665,0,0,6.428287,0,0,0,0,0,0,0,0.3200246,0.03333665,0.5358026,0,0,0,
0.0203464,0.02537954,0.1350677,-0.1884279,273.1775,344.1931,23.17474,0.2239963,0.1279836,0.03984046,272.1227,227.0502,137.9656,0,0,0,0,0,0,0,-0.03333665,0,0,6.428287,0,0,0,0,0,0,0,0.3200246,0.03333665,0.5358026,0,0,0,
0.0165681,0.02419376,0.1355674,-0.1933835,273.0527,350.7141,16.28807,0.2238028,0.1284971,0.03654075,272.3323,237.0788,127.8306,0,0,0,0,0,0,0,-0.03333665,0,0,6.002954,0,0,0,0,0,0,0,0.3200246,0.03333665,0.5358026,0,0,0,
0.0165663,0.02510631,0.1367419,-0.1986908,273.8375,352.5563,14.3281,0.2236645,0.1288548,0.0328455,272.4821,233.1933,131.8467,0,0,0,0,0,0,0,-0.03333665,0,0,8.364969,0,0,0,0,0,0,0,0.3200246,0.03333665,0.5358026,0,0,0,
0.0165663,0.02536428,0.1368382,-0.2035898,275.0565,349.83,16.81124,0.2222733,0.1299429,0.02849936,272.2136,253.6134,111.5215,0,0,0,0,0,0,0,-0.03333665,0,0,8.364969,0,0,0,0,0,0,0,0.3200246,0.03333665,0.5358026,0,0,0,
0.0171578,0.02590728,0.1368885,-0.2094355,274.6731,340.1772,25.97133,0.2220209,0.12849,0.02407932,272.3063,240.5171,124.5094,0,0,0,0,0,0,0,-0.03333665,0,0,7.07402,0,0,0,0,0,0,0,0.3200246,0.03333665,0.5358026,0,0,0,
0.0159766,0.02780139,0.1389682,-0.2138157,274.7219,347.0582,18.34237,0.2221544,0.1292443,0.01835585,272.4907,229.7351,135.4841,0,0,0,0,0,0,0,-0.03333665,0,0,7.07402,0,0,0,0,0,0,0,0.3200246,0.03333665,0.5358026,0,0,0,
0.0165675,0.02982271,0.1411679,-0.2206163,276.3607,350.3067,15.00144,0.2215304,0.1302018,0.01685524,272.8046,235.7039,129.3421,0,0,0,0,0,0,0,-0.03333665,0,0,5.67594,0,0,0,0,0,0,0,0.3200246,0.03333665,0.5358026,0,0,0,
0.0165651,0.03116763,0.1440842,-0.2236862,275.5378,358.318,6.107907,0.2213767,0.1310666,0.012784,271.5149,262.9868,102.203,0,0,0,0,0,0,0,-0.03333665,0,0,7.532726,0,0,0,0,0,0,0,0.3200246,0.03333665,0.5358026,0,0,0,
0.0165672,0.0320431,0.1480017,-0.2297294,277.9507,349.1264,14.99065,0.220325,0.1290162,0.009614468,272.6741,263.9424,101.3752,0,0,0,0,0,0,0,-0.03333665,0,0,7.532726,0,0,0,0,0,0,0,0.3200246,0.03333665,0.5358026,0,0,0,
0.0173821,0.03363502,0.1531122,-0.2360955,278.3129,348.431,14.98956,0.2198235,0.1285791,0.006006479,272.8528,269.4428,95.9407,0,0,0,0,0,0,0,-0.03333665,0,0,4.286654,0,0,0,0,0,0,0,0.3200246,0.03333665,0.5358026,0,0,0,
0.0165677,0.03480482,0.1604981,-0.2368404,280.0222,0.6107149,2.630839,0.2193221,0.1281421,0.002397299,273.0544,274.2623,91.18714,0,0,0,0,0,0,0,-0.03333665,0,0,6.549902,0,0,0,0,0,0,0,0.3200246,0.03333665,0.5358026,0,0,0,
0.0166716,0.03527403,0.1645625,-0.2392223,282.7286,357.7126,5.105082,0.2226148,0.1221848,0.01037908,272.6777,214.0519,150.9324,0,0,0,0,0,0,0,-0.03333665,0,0,8.353141,0,0,0,0,0,0,0,0.3200246,0.03333665,0.5358026,0,0,0,
0.0164632,0.03575563,0.1697545,-0.2425747,284.0209,355.5742,7.059299,0.2229151,0.1200509,0.009747744,272.0459,228.1255,136.8169,0,0,0,0,0,0,0,-0.03333665,0,0,8.353141,0,0,0,0,0,0,0,0.3200246,0.03333665,0.5358026,0,0,0,
0.0165646,0.03647983,0.1740494,-0.2462834,284.3009,358.5429,3.627977,0.2230427,0.118469,0.01030207,273.9242,209.5644,155.581,0,0,0,0,0,0,0,-0.03333665,0,0,8.353141,0,0,0,0,0,0,0,0.3200246,0.03333665,0.5358026,0,0,0,
0.0165868,0.03715825,0.1798534,-0.2478734,286.1134,357.1735,5.025466,0.2197077,0.1089416,0.001736641,271.4224,252.5791,112.6493,0,0,0,0,0,0,0,-0.03333665,0,0,8.353141,0,0,0,0,0,0,0,0.3200246,0.03333665,0.5358026,0,0,0,
0.0165476,0.03806174,0.1863306,-0.2485322,288.3359,357.3737,4.551534,0.2193214,0.106416,0.002047539,271.4874,245.6181,119.6019,0,0,0,0,0,0,0,-0.03333665,0,0,285.1322,0,0,0,0,0,0,0,0.3200246,0.03333665,0.5358026,0,0,0,
0.0165705,0.03804576,0.1926775,-0.2460109,290.6849,356.6352,4.932847,0.2228518,0.1087584,0.01118374,272.2438,235.3049,129.8065,0,0,0,0,0,0,0,-0.03333665,0,0,300.0377,0,0,0,0,0,0,0,0.3200246,0.03333665,0.5358026,0,0,0,
0.0166518,0.03852987,0.1983097,-0.2444922,292.6755,355.6862,5.737061,0.2229732,0.1068792,0.0118804,272.197,234.2246,130.8364,0,0,0,0,0,0,0,-0.03333665,0,0,275.4354,0,0,0,0,0,0,0,0.3200246,0.03333665,0.5358026,0,0,0,
0.018464,0.04088259,0.2040095,-0.2408452,293.1759,357.3697,3.811313,0.2307643,0.1083314,0.009884357,272.0648,233.6025,131.4782,0,0,0,0,0,0,0,-0.03333665,0,0,19.51822,0,0,0,0,0,0,0,0.3200246,0.03333665,0.5358026,0,0,0,
0.0165697,0.04221797,0.2098205,-0.2398381,294.7443,358.2015,3.169276,0.2315018,0.1058822,0.01403403,272.3922,228.5321,136.6543,0,0,0,0,0,0,0,-0.03333665,0,0,202.575,0,0,0,0,0,0,0,0.3200246,0.03333665,0.5358026,0,0,0,
0.016567,0.04363239,0.2157364,-0.238791,295.2769,358.3741,2.510143,0.232408,0.1049776,0.01717639,271.8524,242.1261,122.8914,0,0,0,0,0,0,0,-0.03333665,0,0,202.575,0,0,0,0,0,0,0,0.3200246,0.03333665,0.5358026,0,0,0,
0.016675,0.04456842,0.2234118,-0.2372932,295.6523,358.3748,2.327032,0.2327707,0.1038146,0.01821017,272.1757,232.4924,132.6574,0,0,0,0,0,0,0,-0.03333665,0,0,200.3914,0,0,0,0,0,0,0,0.3200246,0.03333665,0.5358026,0,0,0,
0.0164551,0.04596639,0.2308056,-0.2345864,296.5458,358.0826,2.481175,0.233452,0.1021543,0.01970315,272.1038,233.1475,131.8801,0,0,0,0,0,0,0,-0.03333665,0,0,264.8862,0,0,0,0,0,0,0,0.3200246,0.03333665,0.5358026,0,0,0,
0.0169852,0.04752326,0.2394848,-0.2309253,297.97,358.7229,1.57446,0.2340326,0.1005468,0.02140236,272.2784,231.9911,133.0104,0,0,0,0,0,0,0,-0.03333665,0,0,234.4358,0,0,0,0,0,0,0,0.3200246,0.03333665,0.5358026,0,0,0,
0.0163019,0.04874337,0.2475772,-0.2279344,299.3032,359.2374,0.7659881,0.2182684,0.1256573,-0.003490686,272.6286,227.7538,137.197,0,0,0,0,0,0,0,-0.03333665,0,0,217.7377,0,0,0,0,0,0,0,0.3200246,0.03333665,0.5358026,0,0,0,
0.0164133,0.04916596,0.255151,-0.223634,300.2059,358.6056,1.26299,0.2179486,0.1255291,-0.003661633,272.6181,226.5121,138.4219,0,0,0,0,0,0,0,-0.03333665,0,0,217.7377,0,0,0,0,0,0,0,0.3200246,0.03333665,0.5358026,0,0,0,
0.0165662,0.04993343,0.2618706,-0.2191811,301.6865,358.4704,0.8854342,0.2214341,0.1282585,-0.006480694,272.5623,224.3707,140.5836,0,0,0,0,0,0,0,-0.03333665,0,0,214.3918,0,0,0,0,0,0,0,0.3200246,0.03333665,0.5358026,0,0,0,
0.0168938,0.05090106,0.2689385,-0.2118442,302.0196,359.0899,0.1333198,0.2214545,0.1282618,-0.006754875,272.6009,224.4944,140.4523,0,0,0,0,0,0,0,-0.03333665,0,0,210.1057,0,0,0,0,0,0,0,0.3200246,0.03333665,0.5358026,0,0,0,
0.0184079,0.052212,0.2753704,-0.2059107,302.7559,358.1635,0.692824,0.2216992,0.128305,-0.006476164,272.5721,223.6068,141.3396,0,0,0,0,0,0,0,-0.03333665,0,0,33.37846,0,0,0,0,0,0,0,0.3200246,0.03333665,0.5358026,0,0,0,
0.0165675,0.05331373,0.2804611,-0.1989456,303.3982,357.7319,0.8576518,0.2215987,0.1285174,-0.006879807,272.5797,223.5975,141.3408,0,0,0,0,0,0,0,-0.03333665,0,0,33.37846,0,0,0,0,0,0,0,0.3200246,0.03333665,0.5358026,0,0,0,
0.016639,0.0553925,0.2839439,-0.1927686,304.2624,357.9159,0.5624419,0.2213179,0.1277342,-0.01343155,272.4599,221.3972,143.4473,0,0,0,0,0,0,0,-0.03333665,0,0,13.27566,0,0,0,0,0,0,0,0.3200246,0.03333665,0.5358026,0,0,0,
0.0164945,0.05642629,0.285218,-0.1872801,304.2215,357.9942,0.4850112,0.2214768,0.1273699,-0.0151943,272.6897,227.6899,137.3293,0,0,0,0,0,0,0,-0.03333665,0,0,13.27566,0,0,0,0,0,0,0,0.3200246,0.03333665,0.5358026,0,0,0,
0.0165665,0.05628824,0.2866597,-0.1802194,302.9987,357.7772,0.8276211,0.2222264,0.1273997,-0.01833224,272.3054,219.2025,145.5585,0,0,0,0,0,0,0,-0.03333665,0,0,11.66714,0,0,0,0,0,0,0,0.3200246,0.03333665,0.5358026,0,0,0,
0.0167485,0.05715728,0.2872987,-0.1732907,303.6915,356.1909,2.288002,0.2212842,0.1274755,-0.02212882,272.6348,224.0809,140.8391,0,0,0,0,0,0,0,-0.03333665,0,0,11.86194,0,0,0,0,0,0,0,0.3200246,0.03333665,0.5358026,0,0,0,
0.0166252,0.05760539,0.2870114,-0.1685146,302.4322,356.9724,1.873607,0.2217773,0.1270206,-0.02595496,272.8717,225.2171,139.8585,0,0,0,0,0,0,0,-0.03333665,0,0,5.562056,0,0,0,0,0,0,0,0.3200246,0.03333665,0.5358026,0,0,0,
0.016528,0.05759144,0.2841678,-0.1633465,300.5212,356.765,2.533699,0.221403,0.127331,-0.03050137,271.7758,218.6734,145.9218,0,0,0,0,0,0,0,-0.03333665,0,0,357.8367,0,0,0,0,0,0,0,0.3200246,0.03333665,0.5358026,0,0,0,
0.0164153,0.05756009,0.2801166,-0.1574,298.0808,357.3346,2.45654,0.221769,0.1278489,-0.03392017,272.9168,212.5024,151.9883,0,0,0,0,0,0,0,-0.03333665,0,0,357.8367,0,0,0,0,0,0,0,0.3200246,0.03333665,0.5358026,0,0,0,
0.0180525,0.05775535,0.2755532,-0.150265,296.2455,358.137,2.209631,0.2220316,0.126883,-0.03925872,272.8766,214.8559,150.0398,0,0,0,0,0,0,0,-0.03333665,0,0,3.994689,0,0,0,0,0,0,0,0.3200246,0.03333665,0.5358026,0,0,0,
0.0165677,0.05754507,0.2716672,-0.1419766,294.7928,358.2101,2.489787,0.222312,0.12658,-0.04408765,272.8117,235.8106,129.3928,0,0,0,0,0,0,0,-0.03333665,0,0,0.1049895,0,0,0,0,0,0,0,0.3200246,0.03333665,0.5358026,0,0,0,
0.0165659,0.05710351,0.2656834,-0.1331792,293.6296,358.5529,2.483483,0.2221009,0.127701,-0.04080784,272.7096,234.4658,130.7421,0,0,0,0,0,0,0,-0.03333665,0,0,359.4606,0,0,0,0,0,0,0,0.3200246,0.03333665,0.5358026,0,0,0,
0.016568,0.05672514,0.2600851,-0.1236703,292.3457,357.8364,3.388089,0.2204772,0.1297545,-0.04582465,271.7926,191.6767,172.7536,0,0,0,0,0,0,0,-0.03333665,0,0,359.4606,0,0,0,0,0,0,0,0.3200246,0.03333665,0.5358026,0,0,0,
0.0165662,0.05614209,0.2535696,-0.113709,291.0027,356.4888,4.887276,0.2193635,0.1282902,-0.05058491,271.7522,232.463,132.6683,0,0,0,0,0,0,0,-0.03333665,0,0,358.5859,0,0,0,0,0,0,0,0.3200246,0.03333665,0.5358026,0,0,0,
0.016753,0.05523384,0.2469711,-0.1040516,289.9066,354.7299,6.811679,0.2209793,0.1295252,-0.05494928,272.0679,235.1836,129.6179,0,0,0,0,0,0,0,-0.03333665,0,0,357.9693,0,0,0,0,0,0,0,0.3200246,0.03333665,0.5358026,0,0,0,
0.0164004,0.05457342,0.2390349,-0.09319103,288.8299,352.666,8.9922,0.2183025,0.1291463,-0.05686569,271.6223,215.7626,149.3167,0,0,0,0,0,0,0,-0.03333665,0,0,358.7994,0,0,0,0,0,0,0,0.3200246,0.03333665,0.5358026,0,0,0,
0.0165469,0.0534476,0.2311194,-0.08217978,287.8936,350.7904,11.13121,0.2160294,0.1289296,-0.063061,271.3783,217.9464,146.4609,0,0,0,0,0,0,0,-0.03333665,0,0,8.852855,0,0,0,0,0,0,0,0.3201593,0.03333665,0.5378873,0,0,0,
0.0166969,0.05216324,0.2227404,-0.07122338,286.7167,349.1505,13.09817,0.2181464,0.1247499,-0.06690311,272.9932,277.0722,87.64264,0,0,0,0,0,0,0,-0.03333665,0,0,359.2641,0,0,0,0,0,0,0,0.3201325,0.03333665,0.539971,0,0,0,
0.0182867,0.05088139,0.2146726,-0.06029665,285.4147,347.9323,14.68977,0.2163658,0.1262841,-0.07054222,271.2134,234.0706,130.2122,0,0,0,0,0,0,0,-0.03333665,0,0,359.2641,0,0,0,0,0,0,0,0.3201048,0.03333665,0.5421244,0,0,0,
0.0165679,0.05002189,0.2063739,-0.04960966,284.0828,346.8936,16.14907,0.2145517,0.1288073,-0.07719254,271.8719,248.7234,115.8146,0,0,0,0,0,0,0,-0.03333665,0,0,13.36607,0,0,0,0,0,0,0,0.3208432,0.03333665,0.5452319,0,0,0,
0.0165665,0.04895306,0.1983666,-0.03846741,282.9297,345.7527,17.68369,0.2149727,0.1294219,-0.07832754,271.8953,252.2601,112.0441,0,0,0,0,0,0,0,-0.03333665,0,0,16.41432,0,0,0,0,0,0,0,0.321742,0.03333665,0.548283,0,0,0,
0.0165661,0.04815269,0.1907892,-0.02704358,281.7595,346.1307,17.76691,0.2157558,0.131525,-0.0841186,271.5839,277.1191,87.5493,0,0,0,0,0,0,0,-0.03333665,0,0,2.630125,0,0,0,0,0,0,0,0.3222191,0.03333665,0.5525807,0,0,0,
0.0166122,0.04772353,0.1835728,-0.0155406,280.3879,346.0627,18.23518,0.215905,0.1316664,-0.09064364,271.7198,261.583,102.8394,0,0,0,0,0,0,0,-0.03333665,0,0,9.564475,0,0,0,0,0,0,0,0.3227785,0.03333665,0.5559006,0,0,0,
0.016522,0.04715288,0.176527,-0.004465103,279.0514,345.1025,19.57528,0.2173626,0.1318376,-0.09587014,271.9795,229.9276,134.3658,0,0,0,0,0,0,0,-0.03333665,0,0,2.514779,0,0,0,0,0,0,0,0.322931,0.03333665,0.5593726,0,0,0,
0.0168315,0.04832935,0.170155,0.006336689,278.1114,344.6989,20.67514,0.2165396,0.1324766,-0.09901607,271.3762,221.9161,142.4781,0,0,0,0,0,0,0,-0.03333665,0,0,2.514779,0,0,0,0,0,0,0,0.3231297,0.03333665,0.5638983,0,0,0,
0.0165147,0.04851556,0.1627526,0.01693749,276.0046,5.169263,359.9522,0.2151773,0.1320653,-0.1046491,271.681,270.0143,94.3223,0,0,0,0,0,0,0,-0.03333665,0,0,2.514779,0,0,0,0,0,0,0,0.3232799,0.03333665,0.5673167,0,0,0,
0.0163533,0.0484252,0.1569901,0.02604413,274.6206,8.394464,357.4711,0.2159745,0.1320548,-0.1089891,271.5542,241.1607,122.8661,0,0,0,0,0,0,0,-0.03333665,0,0,355.7809,0,0,0,0,0,0,0,0.3231692,0.03333665,0.5707253,0,0,0,
0.0189818,0.05028653,0.153372,0.03616214,272.4223,6.912485,358.7185,0.2154658,0.131896,-0.1122302,270.737,269.1287,95.45928,0,0,0,0,0,0,0,-0.03333665,0,0,355.7809,0,0,0,0,0,0,0,0.3228427,0.03333665,0.5751513,0,0,0,
0.0166149,0.05029023,0.147965,0.04579902,272.6841,14.78961,351.2073,0.2166654,0.1318221,-0.1165419,272.1709,254.8315,109.6466,0,0,0,0,0,0,0,-0.03333665,0,0,359.6572,0,0,0,0,0,0,0,0.322823,0.03333665,0.5784339,0,0,0,
0.0165196,0.05266595,0.1451688,0.05572534,272.5076,22.55264,343.2804,0.2151804,0.133687,-0.1200072,271.0416,285.7698,78.18538,0,0,0,0,0,0,0,-0.03333665,0,0,2.39107,0,0,0,0,0,0,0,0.3229922,0.03333665,0.5817394,0,0,0,
0.016566,0.05272794,0.1422193,0.06272697,272.9623,33.42732,332.369,0.2145668,0.1338682,-0.1254485,271.764,291.3608,73.00066,0,0,0,0,0,0,0,-0.03333665,0,0,2.39107,0,0,0,0,0,0,0,0.3230819,0.03333665,0.5838863,0,0,0,
0.016568,0.05474091,0.1397243,0.07129455,272.4343,42.04614,323.6104,0.2158432,0.133306,-0.1290339,271.4742,248.2372,116.0831,0,0,0,0,0,0,0,-0.03333665,0,0,2.39107,0,0,0,0,0,0,0,0.3231715,0.03333665,0.5860339,0,0,0,
0.0168117,0.0558387,0.1374624,0.07803106,272.3488,43.2618,322.2947,0.2148218,0.1336906,-0.1322471,271.6259,260.584,103.7243,0,0,0,0,0,0,0,-0.03333665,0,0,356.7652,0,0,0,0,0,0,0,0.3231588,0.03333665,0.5881229,0,0,0,
0.0165001,0.05859411,0.134954,0.08175516,271.5114,49.30744,315.9962,0.2145611,0.1325521,-0.139029,272.7427,319.2312,45.39316,0,0,0,0,0,0,0,-0.03333665,0,0,3.786121,0,0,0,0,0,0,0,0.3232259,0.03333665,0.5891371,0,0,0,
0.0163867,0.06047964,0.131994,0.08650851,270.4567,97.21387,267.758,0.214771,0.1306245,-0.141378,272.2241,249.9029,114.2785,0,0,0,0,0,0,0,-0.03333665,0,0,4.787104,0,0,0,0,0,0,0,0.3232259,0.03333665,0.5891371,0,0,0,
0.0165671,0.0621686,0.1297729,0.09089828,270.8446,199.3587,165.3405,0.2128758,0.13167,-0.1466378,271.6552,253.8414,110.5751,0,0,0,0,0,0,0,-0.03333665,0,0,358.3939,0,0,0,0,0,0,0,0.3232259,0.03333665,0.5891371,0,0,0,
0.0179361,0.06537807,0.1280034,0.09481978,271.3115,213.4433,150.9023,0.2119892,0.1322093,-0.1527176,272.1327,299.79,64.33703,0,0,0,0,0,0,0,-0.03333665,0,0,3.109381,0,0,0,0,0,0,0,0.3232259,0.03333665,0.5891371,0,0,0,
0.0165689,0.06641388,0.1299164,0.09796166,271.0161,220.7541,143.2151,0.2114403,0.1319165,-0.1572531,271.8918,282.2066,81.86259,0,0,0,0,0,0,0,-0.03333665,0,0,2.715713,0,0,0,0,0,0,0,0.3232259,0.03333665,0.5891371,0,0,0,
0.0167372,0.06821489,0.1356812,0.1017625,273.4535,320.0969,43.7542,0.2098887,0.1322031,-0.1628083,271.4179,290.18,74.3132,0,0,0,0,0,0,0,-0.03333665,0,0,196.3886,0,0,0,0,0,0,0,0.3232259,0.03333665,0.5891371,0,0,0,
0.016395,0.06934285,0.1361778,0.1012661,274.1586,353.7818,9.387786,0.2095965,0.1325359,-0.1681032,272.3435,267.7923,96.50456,0,0,0,0,0,0,0,-0.03333665,0,0,196.3886,0,0,0,0,0,0,0,0.3232259,0.03333665,0.5891371,0,0,0,
0.0165669,0.07041883,0.1373818,0.0970974,275.262,349.9525,13.6048,0.2096393,0.1332729,-0.1718509,272.3056,258.7822,105.8892,0,0,0,0,0,0,0,-0.03333665,0,0,202.1044,0,0,0,0,0,0,0,0.3232259,0.03333665,0.5891371,0,0,0,
0.0166172,0.07014179,0.1348221,0.09595299,274.1534,11.35415,350.8437,0.2081006,0.1343608,-0.1779777,271.8157,314.128,50.63867,0,0,0,0,0,0,0,-0.03333665,0,0,201.3218,0,0,0,0,0,0,0,0.3232259,0.03333665,0.5891371,0,0,0,
0.016839,0.06914854,0.1331997,0.09044671,274.8469,1.200158,1.396803,0.2073419,0.1352983,-0.1829569,271.837,279.303,85.61485,0,0,0,0,0,0,0,-0.03333665,0,0,10.34369,0,0,0,0,0,0,0,0.3232259,0.03333665,0.5891371,0,0,0,
0.0164021,0.06792569,0.1318278,0.08514118,271.2784,337.7518,25.21345,0.2074226,0.1354659,-0.1866144,272.3376,274.1998,90.42868,0,0,0,0,0,0,0,-0.03333665,0,0,8.064476,0,0,0,0,0,0,0,0.3232259,0.03333665,0.5891371,0,0,0,
0.016446,0.06859016,0.1321638,0.08336473,272.0259,320.9333,42.45539,0.2068765,0.1380894,-0.1935512,272.6054,321.0193,43.97852,0,0,0,0,0,0,0,-0.03333665,0,0,6.013296,0,0,0,0,0,0,0,0.3232259,0.03333665,0.5891371,0,0,0,
0.0196174,0.0688653,0.133872,0.0810318,272.8477,7.67684,355.3789,0.2056227,0.1402881,-0.1992638,272.0775,267.5441,97.38741,0,0,0,0,0,0,0,-0.03333665,0,0,347.2862,0,0,0,0,0,0,0,0.3232259,0.03333665,0.5891371,0,0,0,
0.0165674,0.06970382,0.135128,0.07875538,272.8099,359.9393,3.066376,0.2040254,0.1443892,-0.2031078,273.3333,330.4273,34.71166,0,0,0,0,0,0,0,-0.03333665,0,0,347.2862,0,0,0,0,0,0,0,0.3232259,0.03333665,0.5891371,0,0,0,
0.0165664,0.07132828,0.1339438,0.07933426,274.3859,3.505955,359.4003,0.2035306,0.1451838,-0.2080247,274.3582,343.7968,21.67874,0,0,0,0,0,0,0,-0.03333665,0,0,2.533456,0,0,0,0,0,0,0,0.3232259,0.03333665,0.5891371,0,0,0,
0.0165666,0.07121539,0.134501,0.07721806,272.3446,16.59043,346.1891,0.2027029,0.1534886,-0.2147439,275.0563,347.5011,17.99389,0,0,0,0,0,0,0,-0.03333665,0,0,357.4157,0,0,0,0,0,0,0,0.3232259,0.03333665,0.5891371,0,0,0,
0.0165675,0.07184851,0.1346047,0.07708192,272.9451,13.82734,348.854,0.2016209,0.1615596,-0.2161332,277.507,353.2169,12.06491,0,0,0,0,0,0,0,-0.03333665,0,0,356.17,0,0,0,0,0,0,0,0.3232259,0.03333665,0.5891371,0,0,0,
0.0165663,0.07211328,0.1342914,0.07638884,273.1007,10.56903,352.0647,0.2003839,0.1670835,-0.2212267,280.3871,359.6299,6.027566,0,0,0,0,0,0,0,-0.03333665,0,0,350.9184,0,0,0,0,0,0,0,0.3232259,0.03333665,0.5891371,0,0,0,
0.0165685,0.07222474,0.1319809,0.07713366,273.1601,13.62439,348.8045,0.1991577,0.1729395,-0.2259197,281.37,2.325211,3.825091,0,0,0,0,0,0,0,-0.03333665,0,0,332.654,0,0,0,0,0,0,0,0.3232259,0.03333665,0.5891371,0,0,0,
0.0168717,0.07199383,0.1314175,0.07636452,273.0038,2.424665,359.9498,0.1973614,0.1804044,-0.2284039,282.9271,4.134177,2.314503,0,0,0,0,0,0,0,-0.03333665,0,0,343.1796,0,0,0,0,0,0,0,0.3232259,0.03333665,0.5891371,0,0,0,
0.0165376,0.07141984,0.1300137,0.07708049,271.8289,350.9489,11.53472,0.1960802,0.188231,-0.2273433,285.6579,2.918499,3.840066,0,0,0,0,0,0,0,-0.03333665,0,0,336.1466,0,0,0,0,0,0,0,0.3232259,0.03333665,0.5891371,0,0,0,
0.0184323,0.07119036,0.1291287,0.07639217,272.8122,357.5535,4.847449,0.1951739,0.1951165,-0.2270247,288.4333,3.161995,3.426628,0,0,0,0,0,0,0,-0.03333665,0,0,336.7249,0,0,0,0,0,0,0,0.3232259,0.03333665,0.5891371,0,0,0,
0.0169496,0.07141352,0.134572,0.07433987,271.6351,22.94934,339.4355,0.1959795,0.2032008,-0.2256194,290.8123,5.363498,1.610184,0,0,0,0,0,0,0,-0.03333665,0,0,326.0948,0,0,0,0,0,0,0,0.3232259,0.03333665,0.5891371,0,0,0,
0.0161841,0.07108355,0.1333702,0.07126856,274.5017,346.501,16.11359,0.1965514,0.2113788,-0.2221352,293.5655,7.575882,359.8264,0,0,0,0,0,0,0,-0.03333665,0,0,342.731,0,0,0,0,0,0,0,0.3232259,0.03333665,0.5891371,0,0,0,
0.016721,0.07234025,0.1296179,0.07219315,271.511,284.3137,78.70757,0.1970063,0.2202902,-0.2200582,295.7509,8.140945,359.2105,0,0,0,0,0,0,0,-0.03333665,0,0,13.28903,0,0,0,0,0,0,0,0.3232259,0.03333665,0.5891371,0,0,0,
0.0164123,0.07067204,0.1337819,0.07593513,271.3871,297.2176,65.5874,0.1982369,0.2277727,-0.2150981,298.0108,9.700706,357.9045,0,0,0,0,0,0,0,-0.03333665,0,0,16.38545,0,0,0,0,0,0,0,0.3232259,0.03333665,0.5891371,0,0,0,
0.0165667,0.07220829,0.1346009,0.07676864,274.2803,326.4589,36.54879,0.1974725,0.2368181,-0.2153727,299.1529,9.570676,358.1014,0,0,0,0,0,0,0,-0.03333665,0,0,-0.0005765745,0,0,0,0,0,0,0,0.3232259,0.03333665,0.5891371,0,0,0,
0.016567,0.07078397,0.1336529,0.07544088,272.741,15.34536,347.0988,0.1981735,0.246887,-0.2126797,299.6458,7.156032,0.4463575,0,0,0,0,0,0,0,-0.03333665,0,0,3.686703,0,0,0,0,0,0,0,0.3232259,0.03333665,0.5891371,0,0,0,
0.0165663,0.07016945,0.1326652,0.07684517,271.7656,314.0595,48.64784,0.1980307,0.258224,-0.2090868,300.4595,5.235193,2.118625,0,0,0,0,0,0,0,-0.03333665,0,0,152.1989,0,0,0,0,0,0,0,0.3232259,0.03333665,0.5891371,0,0,0,
0.0165682,0.0703634,0.1324849,0.07551503,272.9226,341.7415,20.91439,0.1990038,0.269393,-0.2019886,302.4845,5.070241,2.150216,0,0,0,0,0,0,0,-0.03333665,0,0,152.1989,0,0,0,0,0,0,0,0.3232259,0.03333665,0.5891371,0,0,0,
0.0167119,0.06952298,0.1330066,0.07581949,271.5542,332.0187,30.65516,0.1987882,0.2805245,-0.196991,303.6277,5.189206,1.962038,0,0,0,0,0,0,0,-0.03333665,0,0,152.1989,0,0,0,0,0,0,0,0.3232259,0.03333665,0.5891371,0,0,0,
0.0188554,0.07013965,0.1332607,0.07668591,271.9996,336.28,26.45861,0.1984975,0.2893178,-0.1893908,304.9206,5.65088,1.796368,0,0,0,0,0,0,0,-0.03333665,0,0,199.9727,0,0,0,0,0,0,0,0.3232259,0.03333665,0.5891371,0,0,0,
0.0165694,0.06966019,0.1319189,0.07617712,271.9199,333.1823,29.63267,0.1986384,0.2947333,-0.1846758,304.8438,5.785267,1.953384,0,0,0,0,0,0,0,-0.03333665,0,0,109.0751,0,0,0,0,0,0,0,0.3232259,0.03333665,0.5891371,0,0,0,
0.0165648,0.06961513,0.1318603,0.07604218,271.9133,333.2435,29.60621,0.1986886,0.3004942,-0.1776946,304.9956,7.100116,1.11448,0,0,0,0,0,0,0,-0.03333665,0,0,143.8765,0,0,0,0,0,0,0,0.3232259,0.03333665,0.5891371,0,0,0,
0.0167676,0.06969643,0.1313508,0.07623672,271.8896,332.6579,30.19544,0.2006919,0.3048983,-0.171895,305.4492,8.72527,359.4663,0,0,0,0,0,0,0,-0.03333665,0,0,97.86433,0,0,0,0,0,0,0,0.3232259,0.03333665,0.5891371,0,0,0,
0.0163651,0.06975675,0.1315763,0.07641077,271.8964,332.2489,30.61372,0.2019354,0.3089879,-0.1647141,304.775,10.87949,357.4988,0,0,0,0,0,0,0,-0.03333665,0,0,97.86433,0,0,0,0,0,0,0,0.3232259,0.03333665,0.5891371,0,0,0,
0.0165669,0.06959641,0.1314602,0.073071,272.3969,335.136,27.88208,0.2036153,0.3125412,-0.1536747,306.3157,12.33069,356.1197,0,0,0,0,0,0,0,-0.03333665,0,0,97.86433,0,0,0,0,0,0,0,0.3232259,0.03333665,0.5891371,0,0,0,
0.0166745,0.06876063,0.1310689,0.07111907,271.6587,312.8967,50.00944,0.2041368,0.3162575,-0.1442389,308.1729,12.79797,355.511,0,0,0,0,0,0,0,-0.03333665,0,0,165.8992,0,0,0,0,0,0,0,0.3232259,0.03333665,0.5891371,0,0,0,
0.0164587,0.06953347,0.1312652,0.06963921,272.4049,332.5641,30.61743,0.2052774,0.3176005,-0.1375511,309.7941,12.78498,354.7187,0,0,0,0,0,0,0,-0.03333665,0,0,126.3345,0,0,0,0,0,0,0,0.3232259,0.03333665,0.5891371,0,0,0,
0.0165668,0.06885302,0.1304643,0.06692696,271.9748,329.4578,33.35911,0.2063487,0.3150942,-0.1347605,306.7256,13.75992,353.4643,0,0,0,0,0,0,0,-0.03333665,0,0,126.3345,0,0,0,0,0,0,0,0.3232259,0.03333665,0.5891371,0,0,0,
0.0183186,0.06878209,0.1305614,0.06540394,271.937,326.7537,36.01408,0.2075098,0.3129551,-0.1307993,304.3436,15.12444,351.7782,0,0,0,0,0,0,0,-0.03333665,0,0,4.538381,0,0,0,0,0,0,0,0.3232259,0.03333665,0.5891371,0,0,0,
0.0165672,0.06894302,0.1294918,0.06139255,272.2568,322.6184,40.10751,0.2079455,0.3096743,-0.1264908,301.5751,16.40263,350.1778,0,0,0,0,0,0,0,-0.03333665,0,0,359.6054,0,0,0,0,0,0,0,0.3232259,0.03333665,0.5891371,0,0,0,
0.0170056,0.06905556,0.129992,0.059057,271.8881,326.2748,36.65171,0.2080665,0.3044894,-0.115006,300.8249,13.71851,352.33,0,0,0,0,0,0,0,-0.03333665,0,0,359.6054,0,0,0,0,0,0,0,0.3232259,0.03333665,0.5891371,0,0,0,
0.0161279,0.06859267,0.1299644,0.05557466,271.966,330.3684,32.43417,0.2085445,0.299336,-0.105407,299.4915,17.54026,348.6285,0,0,0,0,0,0,0,-0.03333665,0,0,5.545538,0,0,0,0,0,0,0,0.3232259,0.03333665,0.5891371,0,0,0,
0.0166976,0.06906486,0.1305251,0.05341911,272.1849,319.4688,43.42991,0.2096266,0.2928545,-0.1019727,298.3516,16.32191,349.6195,0,0,0,0,0,0,0,-0.03333665,0,0,5.545538,0,0,0,0,0,0,0,0.3232259,0.03333665,0.5891371,0,0,0,
0.0164353,0.0685873,0.1295373,0.04994583,271.6261,283.9695,79.55666,0.2093129,0.2863188,-0.08865809,295.8206,16.63901,349.3075,0,0,0,0,0,0,0,-0.03333665,0,0,1.488772,0,0,0,0,0,0,0,0.3232259,0.03333665,0.5891371,0,0,0,
0.0165673,0.06904721,0.1307037,0.0468545,271.3567,14.29854,348.4053,0.2085583,0.2818921,-0.0836997,294.6364,17.25457,348.8269,0,0,0,0,0,0,0,-0.03333665,0,0,359.2522,0,0,0,0,0,0,0,0.3232259,0.03333665,0.5891371,0,0,0,
0.0165664,0.06843448,0.1307871,0.04187918,273.0547,346.2501,16.77502,0.2086531,0.2717278,-0.07014894,291.1385,19.97598,346.3286,0,0,0,0,0,0,0,-0.03333665,0,0,359.2522,0,0,0,0,0,0,0,0.3232259,0.03333665,0.5891371,0,0,0,
0.0165664,0.06960034,0.1312366,0.03830028,272.2396,334.6323,28.40077,0.2091199,0.2619762,-0.05828404,290.9008,15.5698,350.359,0,0,0,0,0,0,0,-0.03333665,0,0,359.2522,0,0,0,0,0,0,0,0.3232259,0.03333665,0.5891371,0,0,0,
0.018434,0.06907511,0.1304638,0.03323221,272.3171,341.9719,20.71438,0.2080779,0.2518511,-0.04452133,289.3966,15.90421,350.0581,0,0,0,0,0,0,0,-0.03333665,0,0,2.460001,0,0,0,0,0,0,0,0.3232124,0.03333665,0.5901706,0,0,0,
0.0168667,0.06867623,0.1321926,0.02971172,272.2732,334.4294,28.10517,0.2082398,0.2414794,-0.03189337,287.3333,16.11328,349.8618,0,0,0,0,0,0,0,-0.03333665,0,0,359.0301,0,0,0,0,0,0,0,0.3231947,0.03333665,0.5912144,0,0,0,
0.0164247,0.06862664,0.1326907,0.02612925,272.7166,326.1711,36.48318,0.2110646,0.2286458,-0.01936698,284.9221,18.46778,347.4761,0,0,0,0,0,0,0,-0.03333665,0,0,355.8304,0,0,0,0,0,0,0,0.3230387,0.03333665,0.5933545,0,0,0,
0.0164093,0.06957483,0.1330676,0.02204561,273.1834,313.7622,49.03269,0.2123652,0.2177529,-0.006532907,282.9005,21.22384,344.7128,0,0,0,0,0,0,0,-0.03333665,0,0,355.8304,0,0,0,0,0,0,0,0.3227987,0.03333665,0.5966465,0,0,0,
0.0165664,0.06672645,0.1324182,0.01637316,271.6509,19.66045,342.4398,0.2140272,0.2058997,0.006551743,280.8116,22.8698,342.9354,0,0,0,0,0,0,0,-0.03333665,0,0,359.6181,0,0,0,0,0,0,0,0.3227762,0.03333665,0.6000314,0,0,0,
0.0165665,0.06595492,0.131356,0.01543903,272.5859,353.796,8.762225,0.2154939,0.1947134,0.02045083,278.0181,28.73812,336.9589,0,0,0,0,0,0,0,-0.03333665,0,0,1.571907,0,0,0,0,0,0,0,0.3228295,0.03333665,0.6034743,0,0,0,
0.0165669,0.06755745,0.133697,0.01095486,272.9537,297.4667,65.68232,0.2170738,0.1842005,0.03323269,276.013,37.4461,328.1748,0,0,0,0,0,0,0,-0.03333665,0,0,1.350681,0,0,0,0,0,0,0,0.3229441,0.03333665,0.6081311,0,0,0,
0.0165665,0.06722403,0.1337981,0.006026268,271.2649,313.581,49.08419,0.2186636,0.1732364,0.04738545,273.8243,57.57761,307.8187,0,0,0,0,0,0,0,-0.03333665,0,0,356.8464,0,0,0,0,0,0,0,0.322746,0.03333665,0.6117268,0,0,0,
0.0165666,0.06719422,0.1328285,0.002465963,271.9582,332.5273,30.18876,0.2198842,0.1633186,0.06125832,272.6727,98.8093,266.4195,0,0,0,0,0,0,0,-0.03333665,0,0,9.351193,0,0,0,0,0,0,0,0.3230661,0.03333665,0.6154039,0,0,0,
0.016567,0.06705081,0.1340156,-0.0002815723,272.1564,297.6546,65.23022,0.2208034,0.1553557,0.07518315,273.4538,142.2294,222.8645,0,0,0,0,0,0,0,-0.03333665,0,0,0.9778574,0,0,0,0,0,0,0,0.3233424,0.03333665,0.6202987,0,0,0,
0.040901,0.06735241,0.1336772,-0.003286362,271.9303,314.0899,48.99653,0.2220961,0.1464314,0.08851099,275.2263,163.3749,201.7149,0,0,0,0,0,0,0,-0.03333665,0,0,1.628033,0,0,0,0,0,0,0,0.3234534,0.03333665,0.6261058,0,0,0,
0.0227397,0.06778455,0.1334801,-0.007954121,272.2568,344.3059,18.405,0.2236146,0.1392839,0.1018414,277.1177,167.339,197.9275,0,0,0,0,0,0,0,-0.03333665,0,0,1.928897,0,0,0,0,0,0,0,0.3235131,0.03333665,0.628207,0,0,0,
0.0166477,0.06743252,0.1331069,-0.01029301,273.0708,337.0303,25.85849,0.2255844,0.1333392,0.1135955,279.0861,168.1336,197.3727,0,0,0,0,0,0,0,-0.03333665,0,0,359.8615,0,0,0,0,0,0,0,0.3235081,0.03333665,0.6302673,0,0,0,
0.0164862,0.06745672,0.1344521,-0.01163244,272.285,330.6161,32.22009,0.2271885,0.1276307,0.1252744,280.7311,169.2822,196.3796,0,0,0,0,0,0,0,-0.03333665,0,0,359.8615,0,0,0,0,0,0,0,0.3235057,0.03333665,0.6312919,0,0,0,
0.0165668,0.06687272,0.1335819,-0.01621044,272.1952,331.459,31.44767,0.2295022,0.1247792,0.1352699,281.996,170.1515,195.4834,0,0,0,0,0,0,0,-0.03333665,0,0,359.8615,0,0,0,0,0,0,0,0.3235007,0.03333665,0.6333677,0,0,0,
0.0003865,0.06735349,0.1335616,-0.01888442,271.785,324.077,38.29036,0.2317574,0.1219051,0.1450293,283.0228,171.9917,193.4983,0,0,0,0,0,0,0.1583652,5.960464E-08,0.3684133,0,4.085906,0,0,0,0,0,0,0,0.3235007,0.03333665,0.6333677,0,0,0,
0.1367021,-0.03095663,0.1210728,0.1094041,270.9598,161.4578,359.9391,-0.1805599,0.1159923,0.08581138,272.3988,29.72325,176.4451,0,0,0,0,0,0,0,-0.03333665,0,0,86.55248,0,0,0,0,0,0,0,0.3569251,0.03333665,0.6389639,0,0,0,
0.0289247,-0.03095663,0.1210728,0.1094041,270.9598,161.4578,359.9391,-0.1805599,0.1159923,0.08581138,272.3988,29.72325,176.4451,0,0,0,0,0,0,0,-0.03333665,0,0,86.55248,0,0,0,0,0,0,0,0.3655883,0.03333665,0.6394858,0,0,0,
0.0166736,-0.03095663,0.1210728,0.1094041,270.9598,161.4578,359.9391,-0.1805599,0.1159923,0.08581138,272.3988,29.72325,176.4451,0,0,0,0,0,0,0,-0.03333665,0,0,86.55248,0,0,0,0,0,0,0,0.371085,0.03333665,0.6398169,0,0,0,
0.0164606,-0.03095663,0.1210728,0.1094041,270.9598,161.4578,359.9391,-0.1805599,0.1159923,0.08581138,272.3988,29.72325,176.4451,0,0,0,0,0,0,0,-0.03333665,0,0,86.55248,0,0,0,0,0,0,0,0.3745273,0.03333665,0.6400244,0,0,0,
0.0165678,-0.03095663,0.1210728,0.1094041,270.9598,161.4578,359.9391,-0.1805599,0.1159923,0.08581138,272.3988,29.72325,176.4451,0,0,0,0,0,0,0,-0.03333665,0,0,86.55248,0,0,0,0,0,0,0,0.375562,0.03333665,0.6400867,0,0,0,
0.0167032,-0.03095663,0.1210728,0.1094041,270.9598,161.4578,359.9391,-0.1805599,0.1159923,0.08581138,272.3988,29.72325,176.4451,0,0,0,0,0,0,0,-0.03333665,0,0,86.55248,0,0,0,0,0,0,0,0.375562,0.03333665,0.6400867,0,0,0,
0.0164301,-0.03095663,0.1210728,0.1094041,270.9598,161.4578,359.9391,-0.1805599,0.1159923,0.08581138,272.3988,29.72325,176.4451,0,0,0,0,0,0,0,-0.03333665,0,0,86.55248,0,0,0,0,0,0,0,0.375562,0.03333665,0.6400867,0,0,0,
0.0165668,-0.03095663,0.1210728,0.1094041,270.9598,161.4578,359.9391,-0.1805599,0.1159923,0.08581138,272.3988,29.72325,176.4451,0,0,0,0,0,0,0,-0.03333665,0,0,86.55248,0,0,0,0,0,0,0,0.375562,0.03333665,0.6400867,0,0,0,
0.0166339,-0.03095663,0.1210728,0.1094041,270.9598,161.4578,359.9391,-0.1805599,0.1159923,0.08581138,272.3988,29.72325,176.4451,0,0,0,0,0,0,0,-0.03333665,0,0,86.55248,0,0,0,0,0,0,0,0.375562,0.03333665,0.6400867,0,0,0,
0.0164985,-0.03095663,0.1210728,0.1094041,270.9598,161.4578,359.9391,-0.1805599,0.1159923,0.08581138,272.3988,29.72325,176.4451,0,0,0,0,0,0,0,-0.03333665,0,0,86.55248,0,0,0,0,0,0,0,0.375562,0.03333665,0.6400867,0,0,0,
0.0170051,-0.03095663,0.1210728,0.1094041,270.9598,161.4578,359.9391,-0.1805599,0.1159923,0.08581138,272.3988,29.72325,176.4451,0,0,0,0,0,0,0,-0.03333665,0,0,86.55248,0,0,0,0,0,0,0,0.375562,0.03333665,0.6400867,0,0,0,
0.0165675,-0.03095663,0.1210728,0.1094041,270.9598,161.4578,359.9391,-0.1805599,0.1159923,0.08581138,272.3988,29.72325,176.4451,0,0,0,0,0,0,0,-0.03333665,0,0,86.55248,0,0,0,0,0,0,0,0.375562,0.03333665,0.6400867,0,0,0,
0.0165677,-0.03095663,0.1210728,0.1094041,270.9598,161.4578,359.9391,-0.1805599,0.1159923,0.08581138,272.3988,29.72325,176.4451,0,0,0,0,0,0,0,-0.03333665,0,0,86.55248,0,0,0,0,0,0,0,0.375562,0.03333665,0.6400867,0,0,0,
0.0165656,-0.03095663,0.1210728,0.1094041,270.9598,161.4578,359.9391,-0.1805599,0.1159923,0.08581138,272.3988,29.72325,176.4451,0,0,0,0,0,0,0,-0.03333665,0,0,86.55248,0,0,0,0,0,0,0,0.375562,0.03333665,0.6400867,0,0,0,
0.0165674,-0.03095663,0.1210728,0.1094041,270.9598,161.4578,359.9391,-0.1805599,0.1159923,0.08581138,272.3988,29.72325,176.4451,0,0,0,0,0,0,0,-0.03333665,0,0,86.55248,0,0,0,0,0,0,0,0.375562,0.03333665,0.6400867,0,0,0,
0.0165659,-0.03095663,0.1210728,0.1094041,270.9598,161.4578,359.9391,-0.1805599,0.1159923,0.08581138,272.3988,29.72325,176.4451,0,0,0,0,0,0,0,-0.03333665,0,0,86.55248,0,0,0,0,0,0,0,0.375562,0.03333665,0.6400867,0,0,0,
0.016567,-0.03095663,0.1210728,0.1094041,270.9598,161.4578,359.9391,-0.1805599,0.1159923,0.08581138,272.3988,29.72325,176.4451,0,0,0,0,0,0,0,-0.03333665,0,0,86.55248,0,0,0,0,0,0,0,0.375562,0.03333665,0.6400867,0,0,0,
0.0165672,-0.03095663,0.1210728,0.1094041,270.9598,161.4578,359.9391,-0.1805599,0.1159923,0.08581138,272.3988,29.72325,176.4451,0,0,0,0,0,0,0,-0.03333665,0,0,86.55248,0,0,0,0,0,0,0,0.375562,0.03333665,0.6400867,0,0,0,
0.0165658,-0.03095663,0.1210728,0.1094041,270.9598,161.4578,359.9391,-0.1805599,0.1159923,0.08581138,272.3988,29.72325,176.4451,0,0,0,0,0,0,0,-0.03333665,0,0,86.55248,0,0,0,0,0,0,0,0.375562,0.03333665,0.6400867,0,0,0,
0.0165665,-0.03095663,0.1210728,0.1094041,270.9598,161.4578,359.9391,-0.1805599,0.1159923,0.08581138,272.3988,29.72325,176.4451,0,0,0,0,0,0,0,-0.03333665,0,0,86.55248,0,0,0,0,0,0,0,0.375562,0.03333665,0.6400867,0,0,0,
0.0172804,-0.03095663,0.1210728,0.1094041,270.9598,161.4578,359.9391,-0.1805599,0.1159923,0.08581138,272.3988,29.72325,176.4451,0,0,0,0,0,0,0,-0.03333665,0,0,86.55248,0,0,0,0,0,0,0,0.375562,0.03333665,0.6400867,0,0,0,
0.0165682,-0.03095663,0.1210728,0.1094041,270.9598,161.4578,359.9391,-0.1805599,0.1159923,0.08581138,272.3988,29.72325,176.4451,0,0,0,0,0,0,0,-0.03333665,0,0,86.55248,0,0,0,0,0,0,0,0.375562,0.03333665,0.6400867,0,0,0,
0.0165668,-0.03095663,0.1210728,0.1094041,270.9598,161.4578,359.9391,-0.1805599,0.1159923,0.08581138,272.3988,29.72325,176.4451,0,0,0,0,0,0,0,-0.03333665,0,0,86.55248,0,0,0,0,0,0,0,0.375562,0.03333665,0.6400867,0,0,0,
0.0165661,-0.03095663,0.1210728,0.1094041,270.9598,161.4578,359.9391,-0.1805599,0.1159923,0.08581138,272.3988,29.72325,176.4451,0,0,0,0,0,0,0,-0.03333665,0,0,86.55248,0,0,0,0,0,0,0,0.375562,0.03333665,0.6400867,0,0,0,
0.0165674,-0.03095663,0.1210728,0.1094041,270.9598,161.4578,359.9391,-0.1805599,0.1159923,0.08581138,272.3988,29.72325,176.4451,0,0,0,0,0,0,0,-0.03333665,0,0,86.55248,0,0,0,0,0,0,0,0.375562,0.03333665,0.6400867,0,0,0,
0.0165667,-0.03095663,0.1210728,0.1094041,270.9598,161.4578,359.9391,-0.1805599,0.1159923,0.08581138,272.3988,29.72325,176.4451,0,0,0,0,0,0,0,-0.03333665,0,0,86.55248,0,0,0,0,0,0,0,0.375562,0.03333665,0.6400867,0,0,0,
0.0165666,-0.03095663,0.1210728,0.1094041,270.9598,161.4578,359.9391,-0.1805599,0.1159923,0.08581138,272.3988,29.72325,176.4451,0,0,0,0,0,0,0,-0.03333665,0,0,86.55248,0,0,0,0,0,0,0,0.375562,0.03333665,0.6400867,0,0,0,
0.0165658,-0.03095663,0.1210728,0.1094041,270.9598,161.4578,359.9391,-0.1805599,0.1159923,0.08581138,272.3988,29.72325,176.4451,0,0,0,0,0,0,0,-0.03333665,0,0,86.55248,0,0,0,0,0,0,0,0.375562,0.03333665,0.6400867,0,0,0,
0.0165664,-0.03095663,0.1210728,0.1094041,270.9598,161.4578,359.9391,-0.1805599,0.1159923,0.08581138,272.3988,29.72325,176.4451,0,0,0,0,0,0,0,-0.03333665,0,0,86.55248,0,0,0,0,0,0,0,0.375562,0.03333665,0.6400867,0,0,0,
0.0165664,-0.03095663,0.1210728,0.1094041,270.9598,161.4578,359.9391,-0.1805599,0.1159923,0.08581138,272.3988,29.72325,176.4451,0,0,0,0,0,0,0,-0.03333665,0,0,86.55248,0,0,0,0,0,0,0,0.375562,0.03333665,0.6400867,0,0,0,
0.016566,-0.03095663,0.1210728,0.1094041,270.9598,161.4578,359.9391,-0.1805599,0.1159923,0.08581138,272.3988,29.72325,176.4451,0,0,0,0,0,0,0,-0.03333665,0,0,86.55248,0,0,0,0,0,0,0,0.375562,0.03333665,0.6400867,0,0,0,
0.0165673,-0.03095663,0.1210728,0.1094041,270.9598,161.4578,359.9391,-0.1805599,0.1159923,0.08581138,272.3988,29.72325,176.4451,0,0,0,0,0,0,0,-0.03333665,0,0,86.55248,0,0,0,0,0,0,0,0.375562,0.03333665,0.6400867,0,0,0,
0.0166192,-0.03095663,0.1210728,0.1094041,270.9598,161.4578,359.9391,-0.1805599,0.1159923,0.08581138,272.3988,29.72325,176.4451,0,0,0,0,0,0,0,-0.03333665,0,0,86.55248,0,0,0,0,0,0,0,0.375562,0.03333665,0.6400867,0,0,0,
0.0165162,-0.03095663,0.1210728,0.1094041,270.9598,161.4578,359.9391,-0.1805599,0.1159923,0.08581138,272.3988,29.72325,176.4451,0,0,0,0,0,0,0,-0.03333665,0,0,86.55248,0,0,0,0,0,0,0,0.375562,0.03333665,0.6400867,0,0,0,
0.0165647,-0.03095663,0.1210728,0.1094041,270.9598,161.4578,359.9391,-0.1805599,0.1159923,0.08581138,272.3988,29.72325,176.4451,0,0,0,0,0,0,0,-0.03333665,0,0,86.55248,0,0,0,0,0,0,0,0.375562,0.03333665,0.6400867,0,0,0,
0.0168017,-0.03095663,0.1210728,0.1094041,270.9598,161.4578,359.9391,-0.1805599,0.1159923,0.08581138,272.3988,29.72325,176.4451,0,0,0,0,0,0,0,-0.03333665,0,0,86.55248,0,0,0,0,0,0,0,0.375562,0.03333665,0.6400867,0,0,0,
0.0163318,-0.03095663,0.1210728,0.1094041,270.9598,161.4578,359.9391,-0.1805599,0.1159923,0.08581138,272.3988,29.72325,176.4451,0,0,0,0,0,0,0,-0.03333665,0,0,86.55248,0,0,0,0,0,0,0,0.375562,0.03333665,0.6400867,0,0,0,
0.0165668,-0.03095663,0.1210728,0.1094041,270.9598,161.4578,359.9391,-0.1805599,0.1159923,0.08581138,272.3988,29.72325,176.4451,0,0,0,0,0,0,0,-0.03333665,0,0,86.55248,0,0,0,0,0,0,0,0.375562,0.03333665,0.6400867,0,0,0,
0.0166308,-0.03095663,0.1210728,0.1094041,270.9598,161.4578,359.9391,-0.1805599,0.1159923,0.08581138,272.3988,29.72325,176.4451,0,0,0,0,0,0,0,-0.03333665,0,0,86.55248,0,0,0,0,0,0,0,0.375562,0.03333665,0.6400867,0,0,0,
