StandingFoot;LiftedThreshold;0.03;StandingThreshold;0.1;SamplingRate;60;

Task;Timestamp;SecSinceStart;PlayerX;PlayerY;PlayerZ;LocomotionOffX;LocomotionOffY;LocomotionOffZ;PlayerRotX;PlayerRotY;PlayerRotZ;HeadPosX;HeadPosY;HeadPosZ;HeadRotX;HeadRotY;HeadRotZ;PlayerHorSpeed;LHandPosX;LHandPosY;LHandPosZ;LHandRotX;LHandRotY;LHandRotZ;RHandPosX;RHandPosY;RHandPosZ;RHandRotX;RHandRotY;RHandRotZ;LLegPosX;LLegPosY;LLegPosZ;LLegRotX;LLegRotY;LLegRotZ;LLHorSpeed;RLegPosX;RLegPosY;RLegPosZ;RLegRotX;RLegRotY;RLegRotZ;RLHorSpeed;HipPosX;HipPosY;HipPosZ;HipRotX;HipRotY;HipRotZ;HipHorSpeed;DirectionRotX;DirectionRotY;DirectionRotZ;AllTrackersWorking;TrackersNotWorking;RightLifted;RightStanding;LeftLifted;LeftStanding;StandingLeadingFoot;LiftedLeadingFoot;GWAngle;LocomotionSpeed;EWMA_Right;EWMA_Left
Custom;2023/03/06_13:44:32.609;0.02056479;-1.805729;0.8190347;-1.844917;0;-5.960464E-08;0;0;0;0;-1.805727;1.278075;-1.844908;313.4553;154.9485;358.5321;-0.00271222;0;0;0;0;0;0;0;0;0;0;0;0;0;0;0;0;0;0;0;0;0;0;0;0;0;0;0;0;0;0;0;0;0;0;0;0;True;;False;True;False;True;right;right;;0;0;0;
Custom;2023/03/06_13:44:32.610;0.04289126;-1.805707;0.8190347;-1.844803;0;-5.960464E-08;0;0;0;0;-1.805707;1.278069;-1.844803;313.4636;154.9471;358.5181;-0.009024225;0;0;0;0;0;0;0;0;0;0;0;0;0;0;0;0;0;0;0;0;0;0;0;0;0;0;0;0;0;0;0;0;0;0;0;0;True;;False;True;False;True;right;right;;0;0;0;
Custom;2023/03/06_13:44:32.610;0.06505847;-1.805636;0.8190165;-1.844804;0;-5.960464E-08;0;0;0;0;-1.805636;1.278033;-1.844804;313.451;154.9648;358.5127;0.006673526;0;0;0;0;0;0;0;0;0;0;0;0;0;0;0;0;0;0;0;0;0;0;0;0;0;0;0;0;0;0;0;0;0;0;0;0;True;;False;True;False;True;right;right;;0;0;0;
Custom;2023/03/06_13:44:32.610;0.0872848;-1.805627;0.8190178;-1.844808;0;-5.960464E-08;0;0;0;0;-1.805627;1.278036;-1.844808;313.4555;154.9587;358.5191;0.001656326;0;0;0;0;0;0;0;0;0;0;0;0;0;0;0;0;0;0;0;0;0;0;0;0;0;0;0;0;0;0;0;0;0;0;0;0;True;;False;True;False;True;right;right;;0;0;0;
Custom;2023/03/06_13:44:32.610;0.1096969;-1.805669;0.8190331;-1.844917;0;-5.960464E-08;0;0;0;0;-1.805669;1.278066;-1.844917;313.4609;154.9618;358.5181;0.00412597;0;0;0;0;0;0;0;0;0;0;0;0;0;0;0;0;0;0;0;0;0;0;0;0;0;0;0;0;0;0;0;0;0;0;0;0;True;;False;True;False;True;right;right;;0;0;0;
Custom;2023/03/06_13:44:32.610;0.1316693;-1.805627;0.8190125;-1.844899;0;-5.960464E-08;0;0;0;0;-1.805627;1.278025;-1.844899;313.4584;154.9675;358.5191;-0.00166383;0;0;0;0;0;0;0;0;0;0;0;0;0;0;0;0;0;0;0;0;0;0;0;0;0;0;0;0;0;0;0;0;0;0;0;0;True;;False;True;False;True;right;right;;0;0;0;
Custom;2023/03/06_13:44:32.610;0.1541402;-1.805696;0.8190099;-1.844953;0;-5.960464E-08;0;0;0;0;-1.805696;1.27802;-1.844953;313.458;154.9544;358.5238;0.002600113;0;0;0;0;0;0;0;0;0;0;0;0;0;0;0;0;0;0;0;0;0;0;0;0;0;0;0;0;0;0;0;0;0;0;0;0;True;;False;True;False;True;right;right;;0;0;0;
Custom;2023/03/06_13:44:32.610;0.1764255;-1.805681;0.819015;-1.844933;0;-5.960464E-08;0;0;0;0;-1.805681;1.27803;-1.844933;313.4507;154.9581;358.5129;-0.004334137;0;0;0;0;0;0;0;0;0;0;0;0;0;0;0;0;0;0;0;0;0;0;0;0;0;0;0;0;0;0;0;0;0;0;0;0;True;;False;True;False;True;right;right;;0;0;0;
Custom;2023/03/06_13:44:32.610;0.1984048;-1.80575;0.819018;-1.844941;0;-5.960464E-08;0;0;0;0;-1.80575;1.278036;-1.844941;313.4548;154.9533;358.5143;-0.003706866;0;0;0;0;0;0;0;0;0;0;0;0;0;0;0;0;0;0;0;0;0;0;0;0;0;0;0;0;0;0;0;0;0;0;0;0;True;;False;True;False;True;right;right;;0;0;0;
Custom;2023/03/06_13:44:32.610;0.2206919;-1.805749;0.8190012;-1.844947;0;-5.960464E-08;0;0;0;0;-1.805749;1.278003;-1.844947;313.4564;154.9578;358.5115;-0.0008773872;0;0;0;0;0;0;0;0;0;0;0;0;0;0;0;0;0;0;0;0;0;0;0;0;0;0;0;0;0;0;0;0;0;0;0;0;True;;False;True;False;True;right;right;;0;0;0;
Custom;2023/03/06_13:44:32.610;0.2429044;-1.805786;0.8189985;-1.844877;0;-5.960464E-08;0;0;0;0;-1.805786;1.277997;-1.844877;313.4582;154.9452;358.5266;-0.005990026;0;0;0;0;0;0;0;0;0;0;0;0;0;0;0;0;0;0;0;0;0;0;0;0;0;0;0;0;0;0;0;0;0;0;0;0;True;;False;True;False;True;right;right;;0;0;0;
Custom;2023/03/06_13:44:32.610;0.2652321;-1.805836;0.8190114;-1.844895;0;-5.960464E-08;0;0;0;0;-1.805836;1.278023;-1.844895;313.4518;154.9466;358.5156;-0.0026415;0;0;0;0;0;0;0;0;0;0;0;0;0;0;0;0;0;0;0;0;0;0;0;0;0;0;0;0;0;0;0;0;0;0;0;0;True;;False;True;False;True;right;right;;0;0;0;
Custom;2023/03/06_13:44:32.610;0.2872598;-1.805866;0.8189899;-1.844932;0;-5.960464E-08;0;0;0;0;-1.805866;1.27798;-1.844932;313.4604;154.9566;358.5019;0.001744135;0;0;0;0;0;0;0;0;0;0;0;0;0;0;0;0;0;0;0;0;0;0;0;0;0;0;0;0;0;0;0;0;0;0;0;0;True;;False;True;False;True;right;right;;0;0;0;
Custom;2023/03/06_13:44:32.610;0.3093669;-1.805916;0.8189787;-1.844983;0;-5.960464E-08;0;0;0;0;-1.805916;1.277957;-1.844983;313.4694;154.9629;358.5062;0.003264932;0;0;0;0;0;0;0;0;0;0;0;0;0;0;0;0;0;0;0;0;0;0;0;0;0;0;0;0;0;0;0;0;0;0;0;0;True;;False;True;False;True;right;right;;0;0;0;
Custom;2023/03/06_13:44:32.610;0.3316176;-1.805839;0.8190075;-1.844886;0;-5.960464E-08;0;0;0;0;-1.805839;1.278015;-1.844886;313.453;154.9649;358.5099;0.003682922;0;0;0;0;0;0;0;0;0;0;0;0;0;0;0;0;0;0;0;0;0;0;0;0;0;0;0;0;0;0;0;0;0;0;0;0;True;;False;True;False;True;right;right;;0;0;0;
Custom;2023/03/06_13:44:32.610;0.3539002;-1.805787;0.8190144;-1.844904;0;-5.960464E-08;0;0;0;0;-1.805787;1.278029;-1.844904;313.4593;154.9286;358.5356;0.003248507;0;0;0;0;0;0;0;0;0;0;0;0;0;0;0;0;0;0;0;0;0;0;0;0;0;0;0;0;0;0;0;0;0;0;0;0;True;;False;True;False;True;right;right;;0;0;0;
Custom;2023/03/06_13:44:32.610;0.376442;-1.805809;0.8189958;-1.844945;0;-5.960464E-08;0;0;0;0;-1.805809;1.277992;-1.844945;313.4481;154.9392;358.5315;-0.002567681;0;0;0;0;0;0;0;0;0;0;0;0;0;0;0;0;0;0;0;0;0;0;0;0;0;0;0;0;0;0;0;0;0;0;0;0;True;;False;True;False;True;right;right;;0;0;0;
Custom;2023/03/06_13:44:32.610;0.3982234;-1.805747;0.8190151;-1.844831;0;-5.960464E-08;0;0;0;0;-1.805747;1.27803;-1.844831;313.4607;154.9429;358.5373;-0.01126317;0;0;0;0;0;0;0;0;0;0;0;0;0;0;0;0;0;0;0;0;0;0;0;0;0;0;0;0;0;0;0;0;0;0;0;0;True;;False;True;False;True;right;right;;0;0;0;
Custom;2023/03/06_13:44:32.610;0.4207084;-1.805716;0.8190045;-1.844895;0;-5.960464E-08;0;0;0;0;-1.805716;1.278009;-1.844895;313.4627;154.9438;358.5314;0.002022045;0;0;0;0;0;0;0;0;0;0;0;0;0;0;0;0;0;0;0;0;0;0;0;0;0;0;0;0;0;0;0;0;0;0;0;0;True;;False;True;False;True;right;right;;0;0;0;
Custom;2023/03/06_13:44:32.610;0.4426615;-1.805757;0.8189929;-1.844938;0;-5.960464E-08;0;0;0;0;-1.805757;1.277986;-1.844938;313.4603;154.9487;358.5277;0.007095774;0;0;0;0;0;0;0;0;0;0;0;0;0;0;0;0;0;0;0;0;0;0;0;0;0;0;0;0;0;0;0;0;0;0;0;0;True;;False;True;False;True;right;right;;0;0;0;
Custom;2023/03/06_13:44:32.610;0.464891;-1.8058;0.818994;-1.844952;0;-5.960464E-08;0;0;0;0;-1.8058;1.277988;-1.844952;313.4628;154.9494;358.5264;0.003544083;0;0;0;0;0;0;0;0;0;0;0;0;0;0;0;0;0;0;0;0;0;0;0;0;0;0;0;0;0;0;0;0;0;0;0;0;True;;False;True;False;True;right;right;;0;0;0;
Custom;2023/03/06_13:44:32.610;0.4873388;-1.805726;0.8190244;-1.844898;0;-5.960464E-08;0;0;0;0;-1.805726;1.278049;-1.844898;313.4652;154.9513;358.524;0.003649196;0;0;0;0;0;0;0;0;0;0;0;0;0;0;0;0;0;0;0;0;0;0;0;0;0;0;0;0;0;0;0;0;0;0;0;0;True;;False;True;False;True;right;right;;0;0;0;
Custom;2023/03/06_13:44:32.610;0.5095704;-1.805678;0.8190463;-1.84485;0;-5.960464E-08;0;0;0;0;-1.805678;1.278093;-1.84485;313.4637;154.9406;358.5291;0.003338946;0;0;0;0;0;0;0;0;0;0;0;0;0;0;0;0;0;0;0;0;0;0;0;0;0;0;0;0;0;0;0;0;0;0;0;0;True;;False;True;False;True;right;right;;0;0;0;
Custom;2023/03/06_13:44:32.610;0.5317326;-1.805634;0.8190343;-1.844785;0;-5.960464E-08;0;0;0;0;-1.805634;1.278069;-1.844785;313.4574;154.9508;358.5282;-0.002346131;0;0;0;0;0;0;0;0;0;0;0;0;0;0;0;0;0;0;0;0;0;0;0;0;0;0;0;0;0;0;0;0;0;0;0;0;True;;False;True;False;True;right;right;;0;0;0;
Custom;2023/03/06_13:44:32.610;0.553647;-1.805683;0.8190312;-1.844772;0;-5.960464E-08;0;0;0;0;-1.805683;1.278063;-1.844772;313.4619;154.9691;358.507;-0.00233116;0;0;0;0;0;0;0;0;0;0;0;0;0;0;0;0;0;0;0;0;0;0;0;0;0;0;0;0;0;0;0;0;0;0;0;0;True;;False;True;False;True;right;right;;0;0;0;
Custom;2023/03/06_13:44:32.610;0.5763414;-1.805709;0.8190126;-1.844802;0;-5.960464E-08;0;0;0;0;-1.805709;1.278025;-1.844802;313.4558;154.9587;358.5201;0.004166265;0;0;0;0;0;0;0;0;0;0;0;0;0;0;0;0;0;0;0;0;0;0;0;0;0;0;0;0;0;0;0;0;0;0;0;0;True;;False;True;False;True;right;right;;0;0;0;
Custom;2023/03/06_13:44:32.610;0.5982018;-1.805703;0.8190514;-1.844823;0;-5.960464E-08;0;0;0;0;-1.805703;1.278103;-1.844823;313.4664;154.9466;358.5309;-0.001044019;0;0;0;0;0;0;0;0;0;0;0;0;0;0;0;0;0;0;0;0;0;0;0;0;0;0;0;0;0;0;0;0;0;0;0;0;True;;False;True;False;True;right;right;;0;0;0;
Custom;2023/03/06_13:44:32.610;0.6205137;-1.805763;0.8190451;-1.844886;0;-5.960464E-08;0;0;0;0;-1.805763;1.27809;-1.844886;313.4563;154.958;358.5123;0.003464888;0;0;0;0;0;0;0;0;0;0;0;0;0;0;0;0;0;0;0;0;0;0;0;0;0;0;0;0;0;0;0;0;0;0;0;0;True;;False;True;False;True;right;right;;0;0;0;
Custom;2023/03/06_13:44:32.610;0.6429877;-1.805796;0.8190711;-1.844902;0;-5.960464E-08;0;0;0;0;-1.805796;1.278142;-1.844902;313.4714;154.9639;358.5159;0.002019712;0;0;0;0;0;0;0;0;0;0;0;0;0;0;0;0;0;0;0;0;0;0;0;0;0;0;0;0;0;0;0;0;0;0;0;0;True;;False;True;False;True;right;right;;0;0;0;
Custom;2023/03/06_13:44:32.610;0.6647196;-1.805825;0.8190771;-1.844927;0;-5.960464E-08;0;0;0;0;-1.805825;1.278154;-1.844927;313.4622;154.9592;358.5123;0.003743883;0;0;0;0;0;0;0;0;0;0;0;0;0;0;0;0;0;0;0;0;0;0;0;0;0;0;0;0;0;0;0;0;0;0;0;0;True;;False;True;False;True;right;right;;0;0;0;
Custom;2023/03/06_13:44:32.610;0.6870923;-1.805861;0.8190901;-1.844926;0;-5.960464E-08;0;0;0;0;-1.805861;1.27818;-1.844926;313.4731;154.9565;358.518;0.0009300392;0;0;0;0;0;0;0;0;0;0;0;0;0;0;0;0;0;0;0;0;0;0;0;0;0;0;0;0;0;0;0;0;0;0;0;0;True;;False;True;False;True;right;right;;0;0;0;
Custom;2023/03/06_13:44:32.610;0.7092798;-1.805822;0.8191028;-1.844924;0;-5.960464E-08;0;0;0;0;-1.805822;1.278206;-1.844924;313.4668;154.9576;358.5058;0.003491571;0;0;0;0;0;0;0;0;0;0;0;0;0;0;0;0;0;0;0;0;0;0;0;0;0;0;0;0;0;0;0;0;0;0;0;0;True;;False;True;False;True;right;right;;0;0;0;
Custom;2023/03/06_13:44:32.610;0.7316434;-1.805781;0.8191106;-1.844951;0;-5.960464E-08;0;0;0;0;-1.805781;1.278221;-1.844951;313.476;154.9732;358.5038;0.00271959;0;0;0;0;0;0;0;0;0;0;0;0;0;0;0;0;0;0;0;0;0;0;0;0;0;0;0;0;0;0;0;0;0;0;0;0;True;;False;True;False;True;right;right;;0;0;0;
Custom;2023/03/06_13:44:32.611;0.7535877;-1.805794;0.8190892;-1.844971;0;-5.960464E-08;0;0;0;0;-1.805794;1.278178;-1.844971;313.4613;154.9602;358.5116;-0.001561012;0;0;0;0;0;0;0;0;0;0;0;0;0;0;0;0;0;0;0;0;0;0;0;0;0;0;0;0;0;0;0;0;0;0;0;0;True;;False;True;False;True;right;right;;0;0;0;
Custom;2023/03/06_13:44:32.611;0.7759261;-1.805791;0.819054;-1.844984;0;-5.960464E-08;0;0;0;0;-1.805791;1.278108;-1.844984;313.4747;154.957;358.5135;-0.00302051;0;0;0;0;0;0;0;0;0;0;0;0;0;0;0;0;0;0;0;0;0;0;0;0;0;0;0;0;0;0;0;0;0;0;0;0;True;;False;True;False;True;right;right;;0;0;0;
Custom;2023/03/06_13:44:32.611;0.7984295;-1.805722;0.8190522;-1.844938;0;-5.960464E-08;0;0;0;0;-1.805722;1.278105;-1.844938;313.4663;154.9468;358.5339;-0.004412627;0;0;0;0;0;0;0;0;0;0;0;0;0;0;0;0;0;0;0;0;0;0;0;0;0;0;0;0;0;0;0;0;0;0;0;0;True;;False;True;False;True;right;right;;0;0;0;
Custom;2023/03/06_13:44:32.611;0.8202703;-1.805756;0.8190508;-1.844944;0;-5.960464E-08;0;0;0;0;-1.805756;1.278102;-1.844944;313.476;154.9486;358.5297;0.00300433;0;0;0;0;0;0;0;0;0;0;0;0;0;0;0;0;0;0;0;0;0;0;0;0;0;0;0;0;0;0;0;0;0;0;0;0;True;;False;True;False;True;right;right;;0;0;0;
Custom;2023/03/06_13:44:32.611;0.8425469;-1.805658;0.8190914;-1.844884;0;-5.960464E-08;0;0;0;0;-1.805658;1.278183;-1.844884;313.4755;154.9529;358.512;0.009610542;0;0;0;0;0;0;0;0;0;0;0;0;0;0;0;0;0;0;0;0;0;0;0;0;0;0;0;0;0;0;0;0;0;0;0;0;True;;False;True;False;True;right;right;;0;0;0;
Custom;2023/03/06_13:44:32.611;0.864682;-1.805704;0.819079;-1.84501;0;-5.960464E-08;0;0;0;0;-1.805704;1.278158;-1.84501;313.4712;154.961;358.5049;0.007942094;0;0;0;0;0;0;0;0;0;0;0;0;0;0;0;0;0;0;0;0;0;0;0;0;0;0;0;0;0;0;0;0;0;0;0;0;True;;False;True;False;True;right;right;;0;0;0;
Custom;2023/03/06_13:44:32.611;0.8872485;-1.805685;0.8191012;-1.844988;0;-5.960464E-08;0;0;0;0;-1.805685;1.278203;-1.844988;313.4698;154.9457;358.5296;0.0007936429;0;0;0;0;0;0;0;0;0;0;0;0;0;0;0;0;0;0;0;0;0;0;0;0;0;0;0;0;0;0;0;0;0;0;0;0;True;;False;True;False;True;right;right;;0;0;0;
Custom;2023/03/06_13:44:32.611;0.9094648;-1.805733;0.8190854;-1.844952;0;-5.960464E-08;0;0;0;0;-1.805733;1.278171;-1.844952;313.4694;154.9495;358.5208;-0.004847509;0;0;0;0;0;0;0;0;0;0;0;0;0;0;0;0;0;0;0;0;0;0;0;0;0;0;0;0;0;0;0;0;0;0;0;0;True;;False;True;False;True;right;right;;0;0;0;
Custom;2023/03/06_13:44:32.611;0.9314258;-1.805724;0.8190852;-1.844883;0;-5.960464E-08;0;0;0;0;-1.805724;1.278171;-1.844883;313.4532;154.9451;358.5208;-0.00524984;0;0;0;0;0;0;0;0;0;0;0;0;0;0;0;0;0;0;0;0;0;0;0;0;0;0;0;0;0;0;0;0;0;0;0;0;True;;False;True;False;True;right;right;;0;0;0;
Custom;2023/03/06_13:44:32.611;0.9535666;-1.805774;0.8190646;-1.844895;0;-5.960464E-08;0;0;0;0;-1.805774;1.278129;-1.844895;313.475;154.9414;358.528;-0.002026317;0;0;0;0;0;0;0;0;0;0;0;0;0;0;0;0;0;0;0;0;0;0;0;0;0;0;0;0;0;0;0;0;0;0;0;0;True;;False;True;False;True;right;right;;0;0;0;
Custom;2023/03/06_13:44:32.611;0.9758887;-1.805702;0.819059;-1.844885;0;-5.960464E-08;0;0;0;0;-1.805702;1.278118;-1.844885;313.4796;154.9492;358.517;8.333223E-05;0;0;0;0;0;0;0;0;0;0;0;0;0;0;0;0;0;0;0;0;0;0;0;0;0;0;0;0;0;0;0;0;0;0;0;0;True;;False;True;False;True;right;right;;0;0;0;
Custom;2023/03/06_13:44:32.611;0.9979706;-1.80564;0.8190637;-1.844862;0;-5.960464E-08;0;0;0;0;-1.80564;1.278127;-1.844862;313.4673;154.9491;358.515;-0.003895507;0;0;0;0;0;0;0;0;0;0;0;0;0;0;0;0;0;0;0;0;0;0;0;0;0;0;0;0;0;0;0;0;0;0;0;0;True;;False;True;False;True;right;right;;0;0;0;
Custom;2023/03/06_13:44:32.611;1.020328;-1.805688;0.8190184;-1.844924;0;-5.960464E-08;0;0;0;0;-1.805688;1.278037;-1.844924;313.4795;154.939;358.5256;0.006612816;0;0;0;0;0;0;0;0;0;0;0;0;0;0;0;0;0;0;0;0;0;0;0;0;0;0;0;0;0;0;0;0;0;0;0;0;True;;False;True;False;True;right;right;;0;0;0;
Custom;2023/03/06_13:44:32.611;1.042918;-1.80569;0.8190503;-1.84479;0;-5.960464E-08;0;0;0;0;-1.80569;1.278101;-1.84479;313.4725;154.9494;358.5265;-0.006567654;0;0;0;0;0;0;0;0;0;0;0;0;0;0;0;0;0;0;0;0;0;0;0;0;0;0;0;0;0;0;0;0;0;0;0;0;True;;False;True;False;True;right;right;;0;0;0;
Custom;2023/03/06_13:44:32.611;1.064577;-1.805645;0.8190941;-1.844697;0;-5.960464E-08;0;0;0;0;-1.805645;1.278188;-1.844697;313.469;154.9458;358.5282;0.002050844;0;0;0;0;0;0;0;0;0;0;0;0;0;0;0;0;0;0;0;0;0;0;0;0;0;0;0;0;0;0;0;0;0;0;0;0;True;;False;True;False;True;right;right;;0;0;0;
Custom;2023/03/06_13:44:32.611;1.086836;-1.805732;0.819086;-1.8448;0;-5.960464E-08;0;0;0;0;-1.805732;1.278172;-1.8448;313.4704;154.9635;358.5064;0.002023805;0;0;0;0;0;0;0;0;0;0;0;0;0;0;0;0;0;0;0;0;0;0;0;0;0;0;0;0;0;0;0;0;0;0;0;0;True;;False;True;False;True;right;right;;0;0;0;
Custom;2023/03/06_13:44:32.611;1.109253;-1.805743;0.819072;-1.844788;0;-5.960464E-08;0;0;0;0;-1.805743;1.278144;-1.844788;313.4662;154.9429;358.5341;-0.003937522;0;0;0;0;0;0;0;0;0;0;0;0;0;0;0;0;0;0;0;0;0;0;0;0;0;0;0;0;0;0;0;0;0;0;0;0;True;;False;True;False;True;right;right;;0;0;0;
Custom;2023/03/06_13:44:32.611;1.131318;-1.805735;0.8190773;-1.844767;0;-5.960464E-08;0;0;0;0;-1.805735;1.278155;-1.844767;313.4763;154.9447;358.517;0.001757494;0;0;0;0;0;0;0;0;0;0;0;0;0;0;0;0;0;0;0;0;0;0;0;0;0;0;0;0;0;0;0;0;0;0;0;0;True;;False;True;False;True;right;right;;0;0;0;
Custom;2023/03/06_13:44:32.611;1.153631;-1.805764;0.8190594;-1.844778;0;-5.960464E-08;0;0;0;0;-1.805764;1.278119;-1.844778;313.4763;154.9527;358.5217;-0.0006373967;0;0;0;0;0;0;0;0;0;0;0;0;0;0;0;0;0;0;0;0;0;0;0;0;0;0;0;0;0;0;0;0;0;0;0;0;True;;False;True;False;True;right;right;;0;0;0;
Custom;2023/03/06_13:44:32.611;1.175947;-1.805796;0.8190563;-1.844873;0;-5.960464E-08;0;0;0;0;-1.805796;1.278113;-1.844873;313.4693;154.942;358.519;0.007340764;0;0;0;0;0;0;0;0;0;0;0;0;0;0;0;0;0;0;0;0;0;0;0;0;0;0;0;0;0;0;0;0;0;0;0;0;True;;False;True;False;True;right;right;;0;0;0;
Custom;2023/03/06_13:44:32.611;1.198068;-1.805743;0.8190703;-1.844858;0;-5.960464E-08;0;0;0;0;-1.805743;1.278141;-1.844858;313.4744;154.9293;358.5417;0.00693901;0;0;0;0;0;0;0;0;0;0;0;0;0;0;0;0;0;0;0;0;0;0;0;0;0;0;0;0;0;0;0;0;0;0;0;0;True;;False;True;False;True;right;right;;0;0;0;
Custom;2023/03/06_13:44:32.611;1.220201;-1.805691;0.8190753;-1.844789;0;-5.960464E-08;0;0;0;0;-1.805691;1.278151;-1.844789;313.4595;154.938;358.5346;0.007761398;0;0;0;0;0;0;0;0;0;0;0;0;0;0;0;0;0;0;0;0;0;0;0;0;0;0;0;0;0;0;0;0;0;0;0;0;True;;False;True;False;True;right;right;;0;0;0;
Custom;2023/03/06_13:44:32.611;1.242644;-1.805703;0.8190644;-1.844783;0;-5.960464E-08;0;0;0;0;-1.805703;1.278129;-1.844783;313.4686;154.9389;358.5338;-0.002500258;0;0;0;0;0;0;0;0;0;0;0;0;0;0;0;0;0;0;0;0;0;0;0;0;0;0;0;0;0;0;0;0;0;0;0;0;True;;False;True;False;True;right;right;;0;0;0;
Custom;2023/03/06_13:44:32.611;1.264507;-1.805717;0.8190414;-1.844856;0;-5.960464E-08;0;0;0;0;-1.805717;1.278083;-1.844856;313.4596;154.9323;358.5331;0.00438312;0;0;0;0;0;0;0;0;0;0;0;0;0;0;0;0;0;0;0;0;0;0;0;0;0;0;0;0;0;0;0;0;0;0;0;0;True;;False;True;False;True;right;right;;0;0;0;
Custom;2023/03/06_13:44:32.611;1.286672;-1.805765;0.8190752;-1.844841;0;-5.960464E-08;0;0;0;0;-1.805765;1.278151;-1.844841;313.4736;154.944;358.5338;0.003393484;0;0;0;0;0;0;0;0;0;0;0;0;0;0;0;0;0;0;0;0;0;0;0;0;0;0;0;0;0;0;0;0;0;0;0;0;True;;False;True;False;True;right;right;;0;0;0;
Custom;2023/03/06_13:44:32.611;1.309369;-1.805804;0.8190472;-1.844924;0;-5.960464E-08;0;0;0;0;-1.805804;1.278095;-1.844924;313.4566;154.9559;358.5233;0.004189508;0;0;0;0;0;0;0;0;0;0;0;0;0;0;0;0;0;0;0;0;0;0;0;0;0;0;0;0;0;0;0;0;0;0;0;0;True;;False;True;False;True;right;right;;0;0;0;
Custom;2023/03/06_13:44:32.611;1.331164;-1.805778;0.819018;-1.844971;0;-5.960464E-08;0;0;0;0;-1.805778;1.278036;-1.844971;313.4568;154.9327;358.5355;-0.0007554402;0;0;0;0;0;0;0;0;0;0;0;0;0;0;0;0;0;0;0;0;0;0;0;0;0;0;0;0;0;0;0;0;0;0;0;0;True;;False;True;False;True;right;right;;0;0;0;
Custom;2023/03/06_13:44:32.611;1.353531;-1.805802;0.8190016;-1.844975;0;-5.960464E-08;0;0;0;0;-1.805802;1.278003;-1.844975;313.4681;154.9401;358.5291;-0.001006611;0;0;0;0;0;0;0;0;0;0;0;0;0;0;0;0;0;0;0;0;0;0;0;0;0;0;0;0;0;0;0;0;0;0;0;0;True;;False;True;False;True;right;right;;0;0;0;
Custom;2023/03/06_13:44:32.611;1.375768;-1.805768;0.8189968;-1.844906;0;-5.960464E-08;0;0;0;0;-1.805768;1.277994;-1.844906;313.4763;154.9405;358.532;-0.004333888;0;0;0;0;0;0;0;0;0;0;0;0;0;0;0;0;0;0;0;0;0;0;0;0;0;0;0;0;0;0;0;0;0;0;0;0;True;;False;True;False;True;right;right;;0;0;0;
Custom;2023/03/06_13:44:32.611;1.397863;-1.805807;0.8189811;-1.844931;0;-5.960464E-08;0;0;0;0;-1.805807;1.277962;-1.844931;313.4612;154.9468;358.5201;0.002705217;0;0;0;0;0;0;0;0;0;0;0;0;0;0;0;0;0;0;0;0;0;0;0;0;0;0;0;0;0;0;0;0;0;0;0;0;True;;False;True;False;True;right;right;;0;0;0;
Custom;2023/03/06_13:44:32.611;1.420031;-1.805845;0.8189521;-1.844962;0;-5.960464E-08;0;0;0;0;-1.805845;1.277904;-1.844962;313.461;154.9619;358.5267;-0.004174113;0;0;0;0;0;0;0;0;0;0;0;0;0;0;0;0;0;0;0;0;0;0;0;0;0;0;0;0;0;0;0;0;0;0;0;0;True;;False;True;False;True;right;right;;0;0;0;
Custom;2023/03/06_13:44:32.611;1.442297;-1.805839;0.8189923;-1.844919;0;-5.960464E-08;0;0;0;0;-1.805839;1.277985;-1.844919;313.4589;154.954;358.5281;0.006188028;0;0;0;0;0;0;0;0;0;0;0;0;0;0;0;0;0;0;0;0;0;0;0;0;0;0;0;0;0;0;0;0;0;0;0;0;True;;False;True;False;True;right;right;;0;0;0;
Custom;2023/03/06_13:44:32.611;1.464419;-1.805875;0.819023;-1.844916;0;-5.960464E-08;0;0;0;0;-1.805875;1.278046;-1.844916;313.4592;154.9432;358.534;0.001907996;0;0;0;0;0;0;0;0;0;0;0;0;0;0;0;0;0;0;0;0;0;0;0;0;0;0;0;0;0;0;0;0;0;0;0;0;True;;False;True;False;True;right;right;;0;0;0;
Custom;2023/03/06_13:44:32.611;1.486752;-1.805879;0.8190312;-1.844941;0;-5.960464E-08;0;0;0;0;-1.805879;1.278063;-1.844941;313.4562;154.9458;358.523;0.001888637;0;0;0;0;0;0;0;0;0;0;0;0;0;0;0;0;0;0;0;0;0;0;0;0;0;0;0;0;0;0;0;0;0;0;0;0;True;;False;True;False;True;right;right;;0;0;0;
Custom;2023/03/06_13:44:32.611;1.509318;-1.805857;0.8190551;-1.844852;0;-5.960464E-08;0;0;0;0;-1.805857;1.27811;-1.844852;313.4635;154.9588;358.528;-0.002097572;0;0;0;0;0;0;0;0;0;0;0;0;0;0;0;0;0;0;0;0;0;0;0;0;0;0;0;0;0;0;0;0;0;0;0;0;True;;False;True;False;True;right;right;;0;0;0;
Custom;2023/03/06_13:44:32.611;1.531139;-1.80573;0.8190655;-1.844875;0;-5.960464E-08;0;0;0;0;-1.80573;1.278131;-1.844875;313.4606;154.952;358.5386;0.005911627;0;0;0;0;0;0;0;0;0;0;0;0;0;0;0;0;0;0;0;0;0;0;0;0;0;0;0;0;0;0;0;0;0;0;0;0;True;;False;True;False;True;right;right;;0;0;0;
Custom;2023/03/06_13:44:32.611;1.553475;-1.805693;0.8190391;-1.844814;0;-5.960464E-08;0;0;0;0;-1.805693;1.278078;-1.844814;313.4515;154.9431;358.5428;-0.003072632;0;0;0;0;0;0;0;0;0;0;0;0;0;0;0;0;0;0;0;0;0;0;0;0;0;0;0;0;0;0;0;0;0;0;0;0;True;;False;True;False;True;right;right;;0;0;0;
Custom;2023/03/06_13:44:32.612;1.575895;-1.805623;0.8190143;-1.844791;0;-5.960464E-08;0;0;0;0;-1.805623;1.278029;-1.844791;313.4628;154.9368;358.5382;-0.002173035;0;0;0;0;0;0;0;0;0;0;0;0;0;0;0;0;0;0;0;0;0;0;0;0;0;0;0;0;0;0;0;0;0;0;0;0;True;;False;True;False;True;right;right;;0;0;0;
Custom;2023/03/06_13:44:32.612;1.597698;-1.805624;0.8190286;-1.844743;0;-5.960464E-08;0;0;0;0;-1.805624;1.278057;-1.844743;313.4612;154.9336;358.5413;-0.002785905;0;0;0;0;0;0;0;0;0;0;0;0;0;0;0;0;0;0;0;0;0;0;0;0;0;0;0;0;0;0;0;0;0;0;0;0;True;;False;True;False;True;right;right;;0;0;0;
Custom;2023/03/06_13:44:32.612;1.620021;-1.805592;0.8190321;-1.844718;0;-5.960464E-08;0;0;0;0;-1.805592;1.278064;-1.844718;313.4697;154.946;358.5303;0.001186924;0;0;0;0;0;0;0;0;0;0;0;0;0;0;0;0;0;0;0;0;0;0;0;0;0;0;0;0;0;0;0;0;0;0;0;0;True;;False;True;False;True;right;right;;0;0;0;
Custom;2023/03/06_13:44:32.612;1.642591;-1.805596;0.8190064;-1.844777;0;-5.960464E-08;0;0;0;0;-1.805596;1.278013;-1.844777;313.4699;154.949;358.5255;0.0008561857;0;0;0;0;0;0;0;0;0;0;0;0;0;0;0;0;0;0;0;0;0;0;0;0;0;0;0;0;0;0;0;0;0;0;0;0;True;;False;True;False;True;right;right;;0;0;0;
Custom;2023/03/06_13:44:32.612;1.664674;-1.805574;0.8190392;-1.844756;0;-5.960464E-08;0;0;0;0;-1.805574;1.278079;-1.844756;313.4586;154.9369;358.5289;-0.001694861;0;0;0;0;0;0;0;0;0;0;0;0;0;0;0;0;0;0;0;0;0;0;0;0;0;0;0;0;0;0;0;0;0;0;0;0;True;;False;True;False;True;right;right;;0;0;0;
Custom;2023/03/06_13:44:32.612;1.686705;-1.805597;0.8190509;-1.844779;0;-5.960464E-08;0;0;0;0;-1.805597;1.278102;-1.844779;313.472;154.9463;358.5229;0.0001773325;0;0;0;0;0;0;0;0;0;0;0;0;0;0;0;0;0;0;0;0;0;0;0;0;0;0;0;0;0;0;0;0;0;0;0;0;True;;False;True;False;True;right;right;;0;0;0;
Custom;2023/03/06_13:44:32.612;1.708925;-1.805589;0.8190681;-1.844829;0;-5.960464E-08;0;0;0;0;-1.805589;1.278136;-1.844829;313.4517;154.9545;358.5131;0.003097614;0;0;0;0;0;0;0;0;0;0;0;0;0;0;0;0;0;0;0;0;0;0;0;0;0;0;0;0;0;0;0;0;0;0;0;0;True;;False;True;False;True;right;right;;0;0;0;
Custom;2023/03/06_13:44:32.612;1.731019;-1.805584;0.8190572;-1.844839;0;-5.960464E-08;0;0;0;0;-1.805584;1.278115;-1.844839;313.4545;154.9563;358.5102;-0.00147879;0;0;0;0;0;0;0;0;0;0;0;0;0;0;0;0;0;0;0;0;0;0;0;0;0;0;0;0;0;0;0;0;0;0;0;0;True;;False;True;False;True;right;right;;0;0;0;
Custom;2023/03/06_13:44:32.612;1.753244;-1.805639;0.8190467;-1.84487;0;-5.960464E-08;0;0;0;0;-1.805639;1.278094;-1.84487;313.4558;154.9467;358.5184;-0.001228088;0;0;0;0;0;0;0;0;0;0;0;0;0;0;0;0;0;0;0;0;0;0;0;0;0;0;0;0;0;0;0;0;0;0;0;0;True;;False;True;False;True;right;right;;0;0;0;
Custom;2023/03/06_13:44:32.612;1.775748;-1.805619;0.8190488;-1.844837;0;-5.960464E-08;0;0;0;0;-1.805619;1.278098;-1.844837;313.4519;154.9604;358.5073;0.002555652;0;0;0;0;0;0;0;0;0;0;0;0;0;0;0;0;0;0;0;0;0;0;0;0;0;0;0;0;0;0;0;0;0;0;0;0;True;;False;True;False;True;right;right;;0;0;0;
Custom;2023/03/06_13:44:32.612;1.797849;-1.805679;0.8190014;-1.844893;0;-5.960464E-08;0;0;0;0;-1.805679;1.278003;-1.844893;313.4582;154.9582;358.5133;0.008219241;0;0;0;0;0;0;0;0;0;0;0;0;0;0;0;0;0;0;0;0;0;0;0;0;0;0;0;0;0;0;0;0;0;0;0;0;True;;False;True;False;True;right;right;;0;0;0;
Custom;2023/03/06_13:44:32.612;1.820437;-1.805775;0.8190049;-1.844918;0;-5.960464E-08;0;0;0;0;-1.805775;1.27801;-1.844918;313.453;154.9535;358.516;-0.007833694;0;0;0;0;0;0;0;0;0;0;0;0;0;0;0;0;0;0;0;0;0;0;0;0;0;0;0;0;0;0;0;0;0;0;0;0;True;;False;True;False;True;right;right;;0;0;0;
Custom;2023/03/06_13:44:32.612;1.842341;-1.805819;0.8190048;-1.844927;0;-5.960464E-08;0;0;0;0;-1.805819;1.27801;-1.844927;313.46;154.9703;358.5039;-0.004475848;0;0;0;0;0;0;0;0;0;0;0;0;0;0;0;0;0;0;0;0;0;0;0;0;0;0;0;0;0;0;0;0;0;0;0;0;True;;False;True;False;True;right;right;;0;0;0;
Custom;2023/03/06_13:44:32.612;1.864487;-1.805828;0.8190283;-1.844838;0;-5.960464E-08;0;0;0;0;-1.805828;1.278057;-1.844838;313.4627;154.9612;358.5127;-0.00776247;0;0;0;0;0;0;0;0;0;0;0;0;0;0;0;0;0;0;0;0;0;0;0;0;0;0;0;0;0;0;0;0;0;0;0;0;True;;False;True;False;True;right;right;;0;0;0;
Custom;2023/03/06_13:44:32.612;1.886353;-1.805887;0.8190153;-1.844834;0;-5.960464E-08;0;0;0;0;-1.805887;1.278031;-1.844834;313.4661;154.957;358.5114;-0.004854329;0;0;0;0;0;0;0;0;0;0;0;0;0;0;0;0;0;0;0;0;0;0;0;0;0;0;0;0;0;0;0;0;0;0;0;0;True;;False;True;False;True;right;right;;0;0;0;
Custom;2023/03/06_13:44:32.612;1.908961;-1.80584;0.8189977;-1.844798;0;-5.960464E-08;0;0;0;0;-1.80584;1.277996;-1.844798;313.4589;154.9526;358.5158;-0.0008526932;0;0;0;0;0;0;0;0;0;0;0;0;0;0;0;0;0;0;0;0;0;0;0;0;0;0;0;0;0;0;0;0;0;0;0;0;True;;False;True;False;True;right;right;;0;0;0;
Custom;2023/03/06_13:44:32.612;1.930815;-1.805876;0.8189929;-1.844842;0;-5.960464E-08;0;0;0;0;-1.805876;1.277986;-1.844842;313.4588;154.9467;358.5264;0.00135199;0;0;0;0;0;0;0;0;0;0;0;0;0;0;0;0;0;0;0;0;0;0;0;0;0;0;0;0;0;0;0;0;0;0;0;0;True;;False;True;False;True;right;right;;0;0;0;
Custom;2023/03/06_13:44:32.612;1.95308;-1.805842;0.819005;-1.844786;0;-5.960464E-08;0;0;0;0;-1.805842;1.27801;-1.844786;313.4607;154.9613;358.5063;-0.004415406;0;0;0;0;0;0;0;0;0;0;0;0;0;0;0;0;0;0;0;0;0;0;0;0;0;0;0;0;0;0;0;0;0;0;0;0;True;;False;True;False;True;right;right;;0;0;0;
Custom;2023/03/06_13:44:32.612;1.975777;-1.805874;0.8189956;-1.844833;0;-5.960464E-08;0;0;0;0;-1.805874;1.277991;-1.844833;313.4476;154.9614;358.5176;0.003334656;0;0;0;0;0;0;0;0;0;0;0;0;0;0;0;0;0;0;0;0;0;0;0;0;0;0;0;0;0;0;0;0;0;0;0;0;True;;False;True;False;True;right;right;;0;0;0;
Custom;2023/03/06_13:44:32.612;1.997523;-1.805943;0.8190033;-1.844789;0;-5.960464E-08;0;0;0;0;-1.805943;1.278007;-1.844789;313.4566;154.957;358.5177;-0.00700519;0;0;0;0;0;0;0;0;0;0;0;0;0;0;0;0;0;0;0;0;0;0;0;0;0;0;0;0;0;0;0;0;0;0;0;0;True;;False;True;False;True;right;right;;0;0;0;
Custom;2023/03/06_13:44:32.612;2.019884;-1.805996;0.819;-1.844784;0;-5.960464E-08;0;0;0;0;-1.805996;1.278;-1.844784;313.4513;154.9569;358.5111;-0.001368669;0;0;0;0;0;0;0;0;0;0;0;0;0;0;0;0;0;0;0;0;0;0;0;0;0;0;0;0;0;0;0;0;0;0;0;0;True;;False;True;False;True;right;right;;0;0;0;
Custom;2023/03/06_13:44:32.612;2.042041;-1.806029;0.8189816;-1.84488;0;-5.960464E-08;0;0;0;0;-1.806029;1.277964;-1.84488;313.4536;154.9595;358.5118;0.0028636;0;0;0;0;0;0;0;0;0;0;0;0;0;0;0;0;0;0;0;0;0;0;0;0;0;0;0;0;0;0;0;0;0;0;0;0;True;;False;True;False;True;right;right;;0;0;0;
Custom;2023/03/06_13:44:32.612;2.064203;-1.806037;0.8189936;-1.844975;0;-5.960464E-08;0;0;0;0;-1.806037;1.277987;-1.844975;313.4615;154.9528;358.5183;0.005037433;0;0;0;0;0;0;0;0;0;0;0;0;0;0;0;0;0;0;0;0;0;0;0;0;0;0;0;0;0;0;0;0;0;0;0;0;True;;False;True;False;True;right;right;;0;0;0;
Custom;2023/03/06_13:44:32.612;2.086433;-1.805861;0.8190171;-1.844886;0;-5.960464E-08;0;0;0;0;-1.805861;1.278034;-1.844886;313.4636;154.9539;358.5219;0.007013623;0;0;0;0;0;0;0;0;0;0;0;0;0;0;0;0;0;0;0;0;0;0;0;0;0;0;0;0;0;0;0;0;0;0;0;0;True;;False;True;False;True;right;right;;0;0;0;
Custom;2023/03/06_13:44:32.612;2.108562;-1.805853;0.819033;-1.844887;0;-5.960464E-08;0;0;0;0;-1.805853;1.278066;-1.844887;313.4495;154.9342;358.5392;-0.001983275;0;0;0;0;0;0;0;0;0;0;0;0;0;0;0;0;0;0;0;0;0;0;0;0;0;0;0;0;0;0;0;0;0;0;0;0;True;;False;True;False;True;right;right;;0;0;0;
Custom;2023/03/06_13:44:32.612;2.131133;-1.805854;0.8190644;-1.844837;0;-5.960464E-08;0;0;0;0;-1.805854;1.278129;-1.844837;313.4606;154.9338;358.5334;0.00131666;0;0;0;0;0;0;0;0;0;0;0;0;0;0;0;0;0;0;0;0;0;0;0;0;0;0;0;0;0;0;0;0;0;0;0;0;True;;False;True;False;True;right;right;;0;0;0;
Custom;2023/03/06_13:44:32.612;2.153485;-1.805914;0.819078;-1.844856;0;-5.960464E-08;0;0;0;0;-1.805914;1.278156;-1.844856;313.4606;154.9342;358.5343;-0.001251452;0;0;0;0;0;0;0;0;0;0;0;0;0;0;0;0;0;0;0;0;0;0;0;0;0;0;0;0;0;0;0;0;0;0;0;0;True;;False;True;False;True;right;right;;0;0;0;
Custom;2023/03/06_13:44:32.612;2.175767;-1.805889;0.8190787;-1.844821;0;-5.960464E-08;0;0;0;0;-1.805889;1.278157;-1.844821;313.4579;154.9404;358.5336;-0.003605277;0;0;0;0;0;0;0;0;0;0;0;0;0;0;0;0;0;0;0;0;0;0;0;0;0;0;0;0;0;0;0;0;0;0;0;0;True;;False;True;False;True;right;right;;0;0;0;
Custom;2023/03/06_13:44:32.612;2.198597;-1.805881;0.8190956;-1.84477;0;-5.960464E-08;0;0;0;0;-1.805881;1.278191;-1.84477;313.467;154.9485;358.515;-0.002935619;0;0;0;0;0;0;0;0;0;0;0;0;0;0;0;0;0;0;0;0;0;0;0;0;0;0;0;0;0;0;0;0;0;0;0;0;True;;False;True;False;True;right;right;;0;0;0;
Custom;2023/03/06_13:44:32.612;2.220583;-1.805914;0.8190578;-1.844896;0;-5.960464E-08;0;0;0;0;-1.805914;1.278116;-1.844896;313.4527;154.9358;358.536;0.008884506;0;0;0;0;0;0;0;0;0;0;0;0;0;0;0;0;0;0;0;0;0;0;0;0;0;0;0;0;0;0;0;0;0;0;0;0;True;;False;True;False;True;right;right;;0;0;0;
Custom;2023/03/06_13:44:32.612;2.242451;-1.805895;0.8190376;-1.844861;0;-5.960464E-08;0;0;0;0;-1.805895;1.278075;-1.844861;313.4469;154.9407;358.5311;-0.001766331;0;0;0;0;0;0;0;0;0;0;0;0;0;0;0;0;0;0;0;0;0;0;0;0;0;0;0;0;0;0;0;0;0;0;0;0;True;;False;True;False;True;right;right;;0;0;0;
Custom;2023/03/06_13:44:32.612;2.265086;-1.805891;0.8190434;-1.844789;0;-5.960464E-08;0;0;0;0;-1.805891;1.278087;-1.844789;313.4582;154.9429;358.5358;-0.002053171;0;0;0;0;0;0;0;0;0;0;0;0;0;0;0;0;0;0;0;0;0;0;0;0;0;0;0;0;0;0;0;0;0;0;0;0;True;;False;True;False;True;right;right;;0;0;0;
Custom;2023/03/06_13:44:32.612;2.286844;-1.805812;0.8190155;-1.844812;0;-5.960464E-08;0;0;0;0;-1.805812;1.278031;-1.844812;313.4472;154.9528;358.5257;-0.003493236;0;0;0;0;0;0;0;0;0;0;0;0;0;0;0;0;0;0;0;0;0;0;0;0;0;0;0;0;0;0;0;0;0;0;0;0;True;;False;True;False;True;right;right;;0;0;0;
Custom;2023/03/06_13:44:32.612;2.309155;-1.805839;0.8190243;-1.844838;0;-5.960464E-08;0;0;0;0;-1.805839;1.278049;-1.844838;313.4601;154.9539;358.5168;0.0006823473;0;0;0;0;0;0;0;0;0;0;0;0;0;0;0;0;0;0;0;0;0;0;0;0;0;0;0;0;0;0;0;0;0;0;0;0;True;;False;True;False;True;right;right;;0;0;0;
Custom;2023/03/06_13:44:32.612;2.331187;-1.805913;0.8190361;-1.84489;0;-5.960464E-08;0;0;0;0;-1.805913;1.278072;-1.84489;313.4619;154.9555;358.5221;-0.0001306148;0;0;0;0;0;0;0;0;0;0;0;0;0;0;0;0;0;0;0;0;0;0;0;0;0;0;0;0;0;0;0;0;0;0;0;0;True;;False;True;False;True;right;right;;0;0;0;
Custom;2023/03/06_13:44:32.612;2.353345;-1.80595;0.8189998;-1.845;0;-5.960464E-08;0;0;0;0;-1.80595;1.278;-1.845;313.4473;154.9392;358.5335;0.008187929;0;0;0;0;0;0;0;0;0;0;0;0;0;0;0;0;0;0;0;0;0;0;0;0;0;0;0;0;0;0;0;0;0;0;0;0;True;;False;True;False;True;right;right;;0;0;0;
Custom;2023/03/06_13:44:32.612;2.375793;-1.806016;0.8189852;-1.845049;0;-5.960464E-08;0;0;0;0;-1.806016;1.277971;-1.845049;313.4554;154.9351;358.5281;-0.003884624;0;0;0;0;0;0;0;0;0;0;0;0;0;0;0;0;0;0;0;0;0;0;0;0;0;0;0;0;0;0;0;0;0;0;0;0;True;;False;True;False;True;right;right;;0;0;0;
Custom;2023/03/06_13:44:32.612;2.397537;-1.805994;0.8190019;-1.845064;0;-5.960464E-08;0;0;0;0;-1.805994;1.278004;-1.845064;313.4592;154.9503;358.5209;0.002804513;0;0;0;0;0;0;0;0;0;0;0;0;0;0;0;0;0;0;0;0;0;0;0;0;0;0;0;0;0;0;0;0;0;0;0;0;True;;False;True;False;True;right;right;;0;0;0;
Custom;2023/03/06_13:44:32.612;2.420027;-1.805993;0.8190113;-1.845021;0;-5.960464E-08;0;0;0;0;-1.805993;1.278023;-1.845021;313.4586;154.9678;358.5197;-0.002721348;0;0;0;0;0;0;0;0;0;0;0;0;0;0;0;0;0;0;0;0;0;0;0;0;0;0;0;0;0;0;0;0;0;0;0;0;True;;False;True;False;True;right;right;;0;0;0;
Custom;2023/03/06_13:44:32.613;2.442281;-1.806;0.8190099;-1.844955;0;-5.960464E-08;0;0;0;0;-1.806;1.27802;-1.844955;313.4532;154.9506;358.5295;-0.0003942697;0;0;0;0;0;0;0;0;0;0;0;0;0;0;0;0;0;0;0;0;0;0;0;0;0;0;0;0;0;0;0;0;0;0;0;0;True;;False;True;False;True;right;right;;0;0;0;
Custom;2023/03/06_13:44:32.613;2.463941;-1.80604;0.8189979;-1.844967;0;-5.960464E-08;0;0;0;0;-1.80604;1.277996;-1.844967;313.4567;154.9488;358.5334;-0.000744259;0;0;0;0;0;0;0;0;0;0;0;0;0;0;0;0;0;0;0;0;0;0;0;0;0;0;0;0;0;0;0;0;0;0;0;0;True;;False;True;False;True;right;right;;0;0;0;
Custom;2023/03/06_13:44:32.613;2.486306;-1.805977;0.818998;-1.844977;0;-5.960464E-08;0;0;0;0;-1.805977;1.277996;-1.844977;313.4523;154.9574;358.5278;0.001957643;0;0;0;0;0;0;0;0;0;0;0;0;0;0;0;0;0;0;0;0;0;0;0;0;0;0;0;0;0;0;0;0;0;0;0;0;True;;False;True;False;True;right;right;;0;0;0;
Custom;2023/03/06_13:44:32.613;2.508661;-1.805918;0.8190242;-1.844935;0;-5.960464E-08;0;0;0;0;-1.805918;1.278049;-1.844935;313.449;154.9511;358.5347;0.001644737;0;0;0;0;0;0;0;0;0;0;0;0;0;0;0;0;0;0;0;0;0;0;0;0;0;0;0;0;0;0;0;0;0;0;0;0;True;;False;True;False;True;right;right;;0;0;0;
Custom;2023/03/06_13:44:32.613;2.530629;-1.805894;0.819005;-1.84496;0;-5.960464E-08;0;0;0;0;-1.805894;1.27801;-1.84496;313.4478;154.9511;358.5302;-0.0007112175;0;0;0;0;0;0;0;0;0;0;0;0;0;0;0;0;0;0;0;0;0;0;0;0;0;0;0;0;0;0;0;0;0;0;0;0;True;;False;True;False;True;right;right;;0;0;0;
Custom;2023/03/06_13:44:32.613;2.578387;-1.805843;0.8190361;-1.844864;0;-5.960464E-08;0;0;0;0;-1.805843;1.278072;-1.844864;313.4589;154.9546;358.5309;0.003005337;0;0;0;0;0;0;0;0;0;0;0;0;0;0;0;0;0;0;0;0;0;0;0;0;0;0;0;0;0;0;0;0;0;0;0;0;True;;False;True;False;True;right;right;;0;0;0;
Custom;2023/03/06_13:44:32.613;2.612743;-1.805845;0.8190292;-1.844854;0;-5.960464E-08;0;0;0;0;-1.805845;1.278059;-1.844854;313.4505;154.9408;358.5428;-0.00227384;0;0;0;0;0;0;0;0;0;0;0;0;0;0;0;0;0;0;0;0;0;0;0;0;0;0;0;0;0;0;0;0;0;0;0;0;True;;False;True;False;True;right;right;;0;0;0;
Custom;2023/03/06_13:44:32.613;2.636212;-1.805791;0.8190527;-1.844635;0;-5.960464E-08;0;0;0;0;-1.805791;1.278105;-1.844635;313.4526;154.9377;358.5421;0;0;0;0;0;0;0;0;0;0;0;0;0;0;0;0;0;0;0;0;0;0;0;0;0;0;0;0;0;0;0;0;0;0;0;0;0;True;;False;True;False;True;right;right;;0;0;0;
Custom;2023/03/06_13:44:32.613;2.659011;-1.805867;0.8190399;-1.844774;0;-5.960464E-08;0;0;0;0;-1.805867;1.27808;-1.844774;313.4528;154.9531;358.539;0;0;0;0;0;0;0;0;0;0;0;0;0;0;0;0;0;0;0;0;0;0;0;0;0;0;0;0;0;0;0;0;0;0;0;0;0;True;;False;True;False;True;right;right;;0;0;0;
Custom;2023/03/06_13:44:32.613;2.697929;-1.806042;0.8190298;-1.844936;0;-5.960464E-08;0;0;0;0;-1.806042;1.27806;-1.844936;313.4503;154.9521;358.5261;0.01280354;0;0;0;0;0;0;0;0;0;0;0;0;0;0;0;0;0;0;0;0;0;0;0;0;0;0;0;0;0;0;0;0;0;0;0;0;True;;False;True;False;True;right;right;;0;0;0;
Custom;2023/03/06_13:44:32.613;2.715664;-1.806026;0.8190274;-1.844937;0;-5.960464E-08;0;0;0;0;-1.806026;1.278055;-1.844937;313.4561;154.9436;358.5446;0.003875085;0;0;0;0;0;0;0;0;0;0;0;0;0;0;0;0;0;0;0;0;0;0;0;0;0;0;0;0;0;0;0;0;0;0;0;0;True;;False;True;False;True;right;right;;0;0;0;
Custom;2023/03/06_13:44:32.613;2.7383;-1.806016;0.8190153;-1.844865;0;-5.960464E-08;0;0;0;0;-1.806016;1.278031;-1.844865;313.4532;154.9441;358.5396;0;0;0;0;0;0;0;0;0;0;0;0;0;0;0;0;0;0;0;0;0;0;0;0;0;0;0;0;0;0;0;0;0;0;0;0;0;True;;False;True;False;True;right;right;;0;0;0;
Custom;2023/03/06_13:44:32.613;2.759116;-1.805957;0.8190008;-1.844873;0;-5.960464E-08;0;0;0;0;-1.805957;1.278002;-1.844873;313.4609;154.9458;358.5485;0.007032137;0;0;0;0;0;0;0;0;0;0;0;0;0;0;0;0;0;0;0;0;0;0;0;0;0;0;0;0;0;0;0;0;0;0;0;0;True;;False;True;False;True;right;right;;0;0;0;
Custom;2023/03/06_13:44:32.613;2.78125;-1.805935;0.8190376;-1.844868;0;-5.960464E-08;0;0;0;0;-1.805935;1.278075;-1.844868;313.4492;154.9544;358.5383;-0.001322617;0;0;0;0;0;0;0;0;0;0;0;0;0;0;0;0;0;0;0;0;0;0;0;0;0;0;0;0;0;0;0;0;0;0;0;0;True;;False;True;False;True;right;right;;0;0;0;
Custom;2023/03/06_13:44:32.613;2.803221;-1.806025;0.8190489;-1.844749;0;-5.960464E-08;0;0;0;0;-1.806025;1.278098;-1.844749;313.4584;154.9528;358.5278;0.001024152;0;0;0;0;0;0;0;0;0;0;0;0;0;0;0;0;0;0;0;0;0;0;0;0;0;0;0;0;0;0;0;0;0;0;0;0;True;;False;True;False;True;right;right;;0;0;0;
Custom;2023/03/06_13:44:32.613;2.82593;-1.806;0.819054;-1.844695;0;-5.960464E-08;0;0;0;0;-1.806;1.278108;-1.844695;313.4641;154.9552;358.5172;-0.006777954;0;0;0;0;0;0;0;0;0;0;0;0;0;0;0;0;0;0;0;0;0;0;0;0;0;0;0;0;0;0;0;0;0;0;0;0;True;;False;True;False;True;right;right;;0;0;0;
Custom;2023/03/06_13:44:32.613;2.847816;-1.806049;0.8190398;-1.844754;0;-5.960464E-08;0;0;0;0;-1.806049;1.27808;-1.844754;313.4628;154.9482;358.541;-0.002616381;0;0;0;0;0;0;0;0;0;0;0;0;0;0;0;0;0;0;0;0;0;0;0;0;0;0;0;0;0;0;0;0;0;0;0;0;True;;False;True;False;True;right;right;;0;0;0;
Custom;2023/03/06_13:44:32.613;2.870007;-1.805997;0.8190608;-1.844689;0;-5.960464E-08;0;0;0;0;-1.805997;1.278122;-1.844689;313.4636;154.9465;358.5323;0.003490506;0;0;0;0;0;0;0;0;0;0;0;0;0;0;0;0;0;0;0;0;0;0;0;0;0;0;0;0;0;0;0;0;0;0;0;0;True;;False;True;False;True;right;right;;0;0;0;
Custom;2023/03/06_13:44:32.613;2.892658;-1.805954;0.8190659;-1.844677;0;-5.960464E-08;0;0;0;0;-1.805954;1.278132;-1.844677;313.4616;154.9479;358.5352;-0.003729279;0;0;0;0;0;0;0;0;0;0;0;0;0;0;0;0;0;0;0;0;0;0;0;0;0;0;0;0;0;0;0;0;0;0;0;0;True;;False;True;False;True;right;right;;0;0;0;
Custom;2023/03/06_13:44:32.613;2.917056;-1.805919;0.819012;-1.844676;0;-5.960464E-08;0;0;0;0;-1.805919;1.278024;-1.844676;313.4561;154.9598;358.5417;0.001998817;0;0;0;0;0;0;0;0;0;0;0;0;0;0;0;0;0;0;0;0;0;0;0;0;0;0;0;0;0;0;0;0;0;0;0;0;True;;False;True;False;True;right;right;;0;0;0;
Custom;2023/03/06_13:44:32.613;2.938845;-1.805819;0.819057;-1.844644;0;-5.960464E-08;0;0;0;0;-1.805819;1.278114;-1.844644;313.4654;154.9646;358.5291;-0.001417022;0;0;0;0;0;0;0;0;0;0;0;0;0;0;0;0;0;0;0;0;0;0;0;0;0;0;0;0;0;0;0;0;0;0;0;0;True;;False;True;False;True;right;right;;0;0;0;
Custom;2023/03/06_13:44:32.613;2.961128;-1.805821;0.8190809;-1.84466;0;-5.960464E-08;0;0;0;0;-1.805821;1.278162;-1.84466;313.4496;154.9417;358.5421;0.004813313;0;0;0;0;0;0;0;0;0;0;0;0;0;0;0;0;0;0;0;0;0;0;0;0;0;0;0;0;0;0;0;0;0;0;0;0;True;;False;True;False;True;right;right;;0;0;0;
Custom;2023/03/06_13:44:32.613;2.983598;-1.80583;0.8190782;-1.844621;0;-5.960464E-08;0;0;0;0;-1.80583;1.278157;-1.844621;313.4553;154.942;358.5525;0.0007213326;0;0;0;0;0;0;0;0;0;0;0;0;0;0;0;0;0;0;0;0;0;0;0;0;0;0;0;0;0;0;0;0;0;0;0;0;True;;False;True;False;True;right;right;;0;0;0;
Custom;2023/03/06_13:44:32.613;3.005453;-1.805844;0.8190532;-1.844613;0;-5.960464E-08;0;0;0;0;-1.805844;1.278107;-1.844613;313.4565;154.9562;358.5497;-0.001788701;0;0;0;0;0;0;0;0;0;0;0;0;0;0;0;0;0;0;0;0;0;0;0;0;0;0;0;0;0;0;0;0;0;0;0;0;True;;False;True;False;True;right;right;;0;0;0;
Custom;2023/03/06_13:44:32.613;3.027892;-1.805851;0.819059;-1.844598;0;-5.960464E-08;0;0;0;0;-1.805851;1.278118;-1.844598;313.476;154.9668;358.537;-0.0007053643;0;0;0;0;0;0;0;0;0;0;0;0;0;0;0;0;0;0;0;0;0;0;0;0;0;0;0;0;0;0;0;0;0;0;0;0;True;;False;True;False;True;right;right;;0;0;0;
Custom;2023/03/06_13:44:32.613;3.04961;-1.805964;0.8190455;-1.844838;0;-5.960464E-08;0;0;0;0;-1.805964;1.278091;-1.844838;313.4495;154.9559;358.5363;-0.0007532056;0;0;0;0;0;0;0;0;0;0;0;0;0;0;0;0;0;0;0;0;0;0;0;0;0;0;0;0;0;0;0;0;0;0;0;0;True;;False;True;False;True;right;right;;0;0;0;
Custom;2023/03/06_13:44:32.613;3.071924;-1.805992;0.8190222;-1.844953;0;-5.960464E-08;0;0;0;0;-1.805992;1.278044;-1.844953;313.4613;154.9307;358.554;0.01221622;0;0;0;0;0;0;0;0;0;0;0;0;0;0;0;0;0;0;0;0;0;0;0;0;0;0;0;0;0;0;0;0;0;0;0;0;True;;False;True;False;True;right;right;;0;0;0;
Custom;2023/03/06_13:44:32.613;3.094598;-1.805865;0.81905;-1.844904;0;-5.960464E-08;0;0;0;0;-1.805865;1.2781;-1.844904;313.4626;154.9571;358.5414;0.005307438;0;0;0;0;0;0;0;0;0;0;0;0;0;0;0;0;0;0;0;0;0;0;0;0;0;0;0;0;0;0;0;0;0;0;0;0;True;;False;True;False;True;right;right;;0;0;0;
Custom;2023/03/06_13:44:32.613;3.115952;-1.805864;0.819057;-1.844837;0;-5.960464E-08;0;0;0;0;-1.805864;1.278114;-1.844837;313.4677;154.942;358.5315;0.005976543;0;0;0;0;0;0;0;0;0;0;0;0;0;0;0;0;0;0;0;0;0;0;0;0;0;0;0;0;0;0;0;0;0;0;0;0;True;;False;True;False;True;right;right;;0;0;0;
Custom;2023/03/06_13:44:32.613;3.138064;-1.805907;0.8191012;-1.844723;0;-5.960464E-08;0;0;0;0;-1.805907;1.278203;-1.844723;313.4682;154.9448;358.5439;-0.003171907;0;0;0;0;0;0;0;0;0;0;0;0;0;0;0;0;0;0;0;0;0;0;0;0;0;0;0;0;0;0;0;0;0;0;0;0;True;;False;True;False;True;right;right;;0;0;0;
Custom;2023/03/06_13:44:32.613;3.159024;-1.805987;0.8190886;-1.844766;0;-5.960464E-08;0;0;0;0;-1.805987;1.278177;-1.844766;313.4715;154.9583;358.53;-0.005494012;0;0;0;0;0;0;0;0;0;0;0;0;0;0;0;0;0;0;0;0;0;0;0;0;0;0;0;0;0;0;0;0;0;0;0;0;True;;False;True;False;True;right;right;;0;0;0;
Custom;2023/03/06_13:44:32.613;3.180772;-1.806031;0.8190956;-1.844825;0;-5.960464E-08;0;0;0;0;-1.806031;1.278191;-1.844825;313.4674;154.9553;358.5254;-0.004356824;0;0;0;0;0;0;0;0;0;0;0;0;0;0;0;0;0;0;0;0;0;0;0;0;0;0;0;0;0;0;0;0;0;0;0;0;True;;False;True;False;True;right;right;;0;0;0;
Custom;2023/03/06_13:44:32.613;3.203027;-1.806082;0.8191032;-1.844932;0;-5.960464E-08;0;0;0;0;-1.806082;1.278207;-1.844932;313.4679;154.9732;358.497;0.003373254;0;0;0;0;0;0;0;0;0;0;0;0;0;0;0;0;0;0;0;0;0;0;0;0;0;0;0;0;0;0;0;0;0;0;0;0;True;;False;True;False;True;right;right;;0;0;0;
Custom;2023/03/06_13:44:32.613;3.22524;-1.806032;0.8191252;-1.844847;0;-5.960464E-08;0;0;0;0;-1.806032;1.27825;-1.844847;313.463;154.9508;358.5222;0.005338303;0;0;0;0;0;0;0;0;0;0;0;0;0;0;0;0;0;0;0;0;0;0;0;0;0;0;0;0;0;0;0;0;0;0;0;0;True;;False;True;False;True;right;right;;0;0;0;
Custom;2023/03/06_13:44:32.613;3.247611;-1.806047;0.8191226;-1.844844;0;-5.960464E-08;0;0;0;0;-1.806047;1.278245;-1.844844;313.4686;154.9532;358.5339;-0.004455397;0;0;0;0;0;0;0;0;0;0;0;0;0;0;0;0;0;0;0;0;0;0;0;0;0;0;0;0;0;0;0;0;0;0;0;0;True;;False;True;False;True;right;right;;0;0;0;
Custom;2023/03/06_13:44:32.613;3.272908;-1.805982;0.8190836;-1.844831;0;-5.960464E-08;0;0;0;0;-1.805982;1.278167;-1.844831;313.4485;154.9536;358.5333;-0.000678603;0;0;0;0;0;0;0;0;0;0;0;0;0;0;0;0;0;0;0;0;0;0;0;0;0;0;0;0;0;0;0;0;0;0;0;0;True;;False;True;False;True;right;right;;0;0;0;
Custom;2023/03/06_13:44:32.613;3.293788;-1.805933;0.8190585;-1.844822;0;-5.960464E-08;0;0;0;0;-1.805933;1.278117;-1.844822;313.472;154.9283;358.5432;-0.004033594;0;0;0;0;0;0;0;0;0;0;0;0;0;0;0;0;0;0;0;0;0;0;0;0;0;0;0;0;0;0;0;0;0;0;0;0;True;;False;True;False;True;right;right;;0;0;0;
Custom;2023/03/06_13:44:32.614;3.315953;-1.805897;0.8190562;-1.844772;0;-5.960464E-08;0;0;0;0;-1.805897;1.278113;-1.844772;313.4597;154.919;358.5575;-0.006991782;0;0;0;0;0;0;0;0;0;0;0;0;0;0;0;0;0;0;0;0;0;0;0;0;0;0;0;0;0;0;0;0;0;0;0;0;True;;False;True;False;True;right;right;;0;0;0;
Custom;2023/03/06_13:44:32.614;3.337968;-1.805866;0.8190618;-1.844779;0;-5.960464E-08;0;0;0;0;-1.805866;1.278124;-1.844779;313.4781;154.9382;358.5493;0.003604236;0;0;0;0;0;0;0;0;0;0;0;0;0;0;0;0;0;0;0;0;0;0;0;0;0;0;0;0;0;0;0;0;0;0;0;0;True;;False;True;False;True;right;right;;0;0;0;
Custom;2023/03/06_13:44:32.614;3.360603;-1.805916;0.8190601;-1.84475;0;-5.960464E-08;0;0;0;0;-1.805916;1.27812;-1.84475;313.4477;154.935;358.5435;-0.004961752;0;0;0;0;0;0;0;0;0;0;0;0;0;0;0;0;0;0;0;0;0;0;0;0;0;0;0;0;0;0;0;0;0;0;0;0;True;;False;True;False;True;right;right;;0;0;0;
Custom;2023/03/06_13:44:32.614;3.384282;-1.806064;0.8190606;-1.8448;0;-5.960464E-08;0;0;0;0;-1.806064;1.278121;-1.8448;313.4755;154.9129;358.5571;-0.003645897;0;0;0;0;0;0;0;0;0;0;0;0;0;0;0;0;0;0;0;0;0;0;0;0;0;0;0;0;0;0;0;0;0;0;0;0;True;;False;True;False;True;right;right;;0;0;0;
Custom;2023/03/06_13:44:32.614;3.404719;-1.806092;0.8190367;-1.844946;0;-5.960464E-08;0;0;0;0;-1.806092;1.278074;-1.844946;313.4597;154.9395;358.5402;0.00473458;0;0;0;0;0;0;0;0;0;0;0;0;0;0;0;0;0;0;0;0;0;0;0;0;0;0;0;0;0;0;0;0;0;0;0;0;True;;False;True;False;True;right;right;;0;0;0;
Custom;2023/03/06_13:44:32.614;3.427608;-1.806126;0.8190247;-1.844998;0;-5.960464E-08;0;0;0;0;-1.806126;1.278049;-1.844998;313.4701;154.9198;358.5469;0.003172442;0;0;0;0;0;0;0;0;0;0;0;0;0;0;0;0;0;0;0;0;0;0;0;0;0;0;0;0;0;0;0;0;0;0;0;0;True;;False;True;False;True;right;right;;0;0;0;
Custom;2023/03/06_13:44:32.614;3.448853;-1.806125;0.8190424;-1.845033;0;-5.960464E-08;0;0;0;0;-1.806125;1.278085;-1.845033;313.4577;154.9363;358.5231;0.001054942;0;0;0;0;0;0;0;0;0;0;0;0;0;0;0;0;0;0;0;0;0;0;0;0;0;0;0;0;0;0;0;0;0;0;0;0;True;;False;True;False;True;right;right;;0;0;0;
Custom;2023/03/06_13:44:32.614;3.47118;-1.806054;0.8190539;-1.844888;0;-5.960464E-08;0;0;0;0;-1.806054;1.278108;-1.844888;313.4622;154.9453;358.5318;-0.001890207;0;0;0;0;0;0;0;0;0;0;0;0;0;0;0;0;0;0;0;0;0;0;0;0;0;0;0;0;0;0;0;0;0;0;0;0;True;;False;True;False;True;right;right;;0;0;0;
Custom;2023/03/06_13:44:32.614;3.493769;-1.806023;0.8190746;-1.844798;0;-5.960464E-08;0;0;0;0;-1.806023;1.278149;-1.844798;313.4777;154.9245;358.5473;-0.007437211;0;0;0;0;0;0;0;0;0;0;0;0;0;0;0;0;0;0;0;0;0;0;0;0;0;0;0;0;0;0;0;0;0;0;0;0;True;;False;True;False;True;right;right;;0;0;0;
Custom;2023/03/06_13:44:32.614;3.515633;-1.805988;0.8190628;-1.844908;0;-5.960464E-08;0;0;0;0;-1.805988;1.278126;-1.844908;313.4489;154.9415;358.5335;0.006749819;0;0;0;0;0;0;0;0;0;0;0;0;0;0;0;0;0;0;0;0;0;0;0;0;0;0;0;0;0;0;0;0;0;0;0;0;True;;False;True;False;True;right;right;;0;0;0;
Custom;2023/03/06_13:44:32.614;3.540314;-1.805994;0.8190682;-1.844853;0;-5.960464E-08;0;0;0;0;-1.805994;1.278136;-1.844853;313.4626;154.9197;358.5555;-0.001929872;0;0;0;0;0;0;0;0;0;0;0;0;0;0;0;0;0;0;0;0;0;0;0;0;0;0;0;0;0;0;0;0;0;0;0;0;True;;False;True;False;True;right;right;;0;0;0;
Custom;2023/03/06_13:44:32.614;3.56331;-1.805881;0.8190826;-1.844733;0;-5.960464E-08;0;0;0;0;-1.805881;1.278165;-1.844733;313.4749;154.9278;358.53;-0.00990419;0;0;0;0;0;0;0;0;0;0;0;0;0;0;0;0;0;0;0;0;0;0;0;0;0;0;0;0;0;0;0;0;0;0;0;0;True;;False;True;False;True;right;right;;0;0;0;
Custom;2023/03/06_13:44:32.614;3.587642;-1.805856;0.8190731;-1.844728;0;-5.960464E-08;0;0;0;0;-1.805856;1.278146;-1.844728;313.4659;154.9268;358.5571;0.002573893;0;0;0;0;0;0;0;0;0;0;0;0;0;0;0;0;0;0;0;0;0;0;0;0;0;0;0;0;0;0;0;0;0;0;0;0;True;;False;True;False;True;right;right;;0;0;0;
Custom;2023/03/06_13:44:32.614;3.609628;-1.805825;0.8191001;-1.84475;0;-5.960464E-08;0;0;0;0;-1.805825;1.2782;-1.84475;313.4696;154.9354;358.5372;0.001866721;0;0;0;0;0;0;0;0;0;0;0;0;0;0;0;0;0;0;0;0;0;0;0;0;0;0;0;0;0;0;0;0;0;0;0;0;True;;False;True;False;True;right;right;;0;0;0;
Custom;2023/03/06_13:44:32.614;3.632286;-1.805828;0.81909;-1.844797;0;-5.960464E-08;0;0;0;0;-1.805828;1.27818;-1.844797;313.4694;154.9274;358.5323;-0.006518102;0;0;0;0;0;0;0;0;0;0;0;0;0;0;0;0;0;0;0;0;0;0;0;0;0;0;0;0;0;0;0;0;0;0;0;0;True;;False;True;False;True;right;right;;0;0;0;
Custom;2023/03/06_13:44:32.614;3.654127;-1.805918;0.8190851;-1.844788;0;-5.960464E-08;0;0;0;0;-1.805918;1.27817;-1.844788;313.4689;154.9324;358.5445;0;0;0;0;0;0;0;0;0;0;0;0;0;0;0;0;0;0;0;0;0;0;0;0;0;0;0;0;0;0;0;0;0;0;0;0;0;True;;False;True;False;True;right;right;;0;0;0;
Custom;2023/03/06_13:44:32.614;3.676743;-1.805961;0.8191003;-1.844807;0;-5.960464E-08;0;0;0;0;-1.805961;1.278201;-1.844807;313.4641;154.938;358.5331;0.00232749;0;0;0;0;0;0;0;0;0;0;0;0;0;0;0;0;0;0;0;0;0;0;0;0;0;0;0;0;0;0;0;0;0;0;0;0;True;;False;True;False;True;right;right;;0;0;0;
Custom;2023/03/06_13:44:32.614;3.698576;-1.805993;0.8190892;-1.844792;0;-5.960464E-08;0;0;0;0;-1.805993;1.278178;-1.844792;313.472;154.9423;358.5294;0;0;0;0;0;0;0;0;0;0;0;0;0;0;0;0;0;0;0;0;0;0;0;0;0;0;0;0;0;0;0;0;0;0;0;0;0;True;;False;True;False;True;right;right;;0;0;0;
Custom;2023/03/06_13:44:32.614;3.721191;-1.806021;0.819037;-1.844889;0;-5.960464E-08;0;0;0;0;-1.806021;1.278074;-1.844889;313.465;154.943;358.5345;-0.00348274;0;0;0;0;0;0;0;0;0;0;0;0;0;0;0;0;0;0;0;0;0;0;0;0;0;0;0;0;0;0;0;0;0;0;0;0;True;;False;True;False;True;right;right;;0;0;0;
Custom;2023/03/06_13:44:32.614;3.743446;-1.806067;0.8190302;-1.844989;0;-5.960464E-08;0;0;0;0;-1.806067;1.27806;-1.844989;313.4626;154.9312;358.5343;0.00129549;0;0;0;0;0;0;0;0;0;0;0;0;0;0;0;0;0;0;0;0;0;0;0;0;0;0;0;0;0;0;0;0;0;0;0;0;True;;False;True;False;True;right;right;;0;0;0;
Custom;2023/03/06_13:44:32.614;3.765105;-1.80602;0.8190579;-1.844882;0;-5.960464E-08;0;0;0;0;-1.80602;1.278116;-1.844882;313.4733;154.941;358.5342;0;0;0;0;0;0;0;0;0;0;0;0;0;0;0;0;0;0;0;0;0;0;0;0;0;0;0;0;0;0;0;0;0;0;0;0;0;True;;False;True;False;True;right;right;;0;0;0;
Custom;2023/03/06_13:44:32.614;3.787225;-1.806007;0.8190421;-1.844907;0;-5.960464E-08;0;0;0;0;-1.806007;1.278084;-1.844907;313.4615;154.939;358.5379;-0.001452093;0;0;0;0;0;0;0;0;0;0;0;0;0;0;0;0;0;0;0;0;0;0;0;0;0;0;0;0;0;0;0;0;0;0;0;0;True;;False;True;False;True;right;right;;0;0;0;
Custom;2023/03/06_13:44:32.614;3.808312;-1.806024;0.8190609;-1.844875;0;-5.960464E-08;0;0;0;0;-1.806024;1.278122;-1.844875;313.472;154.9334;358.5346;0.001560151;0;0;0;0;0;0;0;0;0;0;0;0;0;0;0;0;0;0;0;0;0;0;0;0;0;0;0;0;0;0;0;0;0;0;0;0;True;;False;True;False;True;right;right;;0;0;0;
Custom;2023/03/06_13:44:32.614;3.831953;-1.805948;0.8190749;-1.844764;0;-5.960464E-08;0;0;0;0;-1.805948;1.27815;-1.844764;313.4748;154.928;358.5471;0.010891;0;0;0;0;0;0;0;0;0;0;0;0;0;0;0;0;0;0;0;0;0;0;0;0;0;0;0;0;0;0;0;0;0;0;0;0;True;;False;True;False;True;right;right;;0;0;0;
Custom;2023/03/06_13:44:32.614;3.85384;-1.805961;0.819049;-1.844819;0;-5.960464E-08;0;0;0;0;-1.805961;1.278098;-1.844819;313.4617;154.9342;358.5399;0.006857703;0;0;0;0;0;0;0;0;0;0;0;0;0;0;0;0;0;0;0;0;0;0;0;0;0;0;0;0;0;0;0;0;0;0;0;0;True;;False;True;False;True;right;right;;0;0;0;
Custom;2023/03/06_13:44:32.614;3.876446;-1.805895;0.8190653;-1.844818;0;-5.960464E-08;0;0;0;0;-1.805895;1.278131;-1.844818;313.4665;154.9263;358.5383;0.005075638;0;0;0;0;0;0;0;0;0;0;0;0;0;0;0;0;0;0;0;0;0;0;0;0;0;0;0;0;0;0;0;0;0;0;0;0;True;;False;True;False;True;right;right;;0;0;0;
Custom;2023/03/06_13:44:32.614;3.898367;-1.80592;0.819068;-1.844849;0;-5.960464E-08;0;0;0;0;-1.805896;1.278157;-1.844854;313.4592;154.9432;358.528;0.003500226;0;0;0;0;0;0;0;0;0;0;0;0;0;0;0;0;0;0;0;0;0;0;0;0;0;0;0;0;0;0;0;0;0;0;0;0;True;;False;True;False;True;right;right;;0;0;0;
Custom;2023/03/06_13:44:32.614;3.918866;-1.805919;0.8190894;-1.844832;0;-5.960464E-08;0;0;0;0;-1.805919;1.278179;-1.844832;313.4821;154.9312;358.5398;0.0001014177;0;0;0;0;0;0;0;0;0;0;0;0;0;0;0;0;0;0;0;0;0;0;0;0;0;0;0;0;0;0;0;0;0;0;0;0;True;;False;True;False;True;right;right;;0;0;0;
Custom;2023/03/06_13:44:32.614;3.941083;-1.805928;0.8190831;-1.844818;0;-5.960464E-08;0;0;0;0;-1.805928;1.278166;-1.844818;313.4598;154.937;358.5311;-0.004766088;0;0;0;0;0;0;0;0;0;0;0;0;0;0;0;0;0;0;0;0;0;0;0;0;0;0;0;0;0;0;0;0;0;0;0;0;True;;False;True;False;True;right;right;;0;0;0;
Custom;2023/03/06_13:44:32.614;3.963154;-1.805938;0.8190947;-1.844823;0;-5.960464E-08;0;0;0;0;-1.805938;1.278189;-1.844823;313.4788;154.9333;358.5314;-0.002842933;0;0;0;0;0;0;0;0;0;0;0;0;0;0;0;0;0;0;0;0;0;0;0;0;0;0;0;0;0;0;0;0;0;0;0;0;True;;False;True;False;True;right;right;;0;0;0;
Custom;2023/03/06_13:44:32.614;3.985371;-1.805991;0.8190882;-1.844865;0;-5.960464E-08;0;0;0;0;-1.805991;1.278177;-1.844865;313.4667;154.9387;358.5324;0.003100871;0;0;0;0;0;0;0;0;0;0;0;0;0;0;0;0;0;0;0;0;0;0;0;0;0;0;0;0;0;0;0;0;0;0;0;0;True;;False;True;False;True;right;right;;0;0;0;
Custom;2023/03/06_13:44:32.614;4.007701;-1.80597;0.819061;-1.844898;0;-5.960464E-08;0;0;0;0;-1.80597;1.278122;-1.844898;313.47;154.9432;358.5225;0.001209441;0;0;0;0;0;0;0;0;0;0;0;0;0;0;0;0;0;0;0;0;0;0;0;0;0;0;0;0;0;0;0;0;0;0;0;0;True;;False;True;False;True;right;right;;0;0;0;
Custom;2023/03/06_13:44:32.614;4.031779;-1.805949;0.8190657;-1.844859;0;-5.960464E-08;0;0;0;0;-1.805949;1.278131;-1.844859;313.4688;154.944;358.5307;-0.004580157;0;0;0;0;0;0;0;0;0;0;0;0;0;0;0;0;0;0;0;0;0;0;0;0;0;0;0;0;0;0;0;0;0;0;0;0;True;;False;True;False;True;right;right;;0;0;0;
Custom;2023/03/06_13:44:32.614;4.053778;-1.805956;0.8190343;-1.844819;0;-5.960464E-08;0;0;0;0;-1.805956;1.278069;-1.844819;313.4653;154.935;358.5357;-0.001886889;0;0;0;0;0;0;0;0;0;0;0;0;0;0;0;0;0;0;0;0;0;0;0;0;0;0;0;0;0;0;0;0;0;0;0;0;True;;False;True;False;True;right;right;;0;0;0;
Custom;2023/03/06_13:44:32.614;4.074386;-1.805988;0.8190444;-1.844805;0;-5.960464E-08;0;0;0;0;-1.805988;1.278089;-1.844805;313.4707;154.9422;358.5311;0.001651751;0;0;0;0;0;0;0;0;0;0;0;0;0;0;0;0;0;0;0;0;0;0;0;0;0;0;0;0;0;0;0;0;0;0;0;0;True;;False;True;False;True;right;right;;0;0;0;
Custom;2023/03/06_13:44:32.614;4.09644;-1.80596;0.8190262;-1.844751;0;-5.960464E-08;0;0;0;0;-1.80596;1.278053;-1.844751;313.4563;154.9401;358.5302;-0.002604169;0;0;0;0;0;0;0;0;0;0;0;0;0;0;0;0;0;0;0;0;0;0;0;0;0;0;0;0;0;0;0;0;0;0;0;0;True;;False;True;False;True;right;right;;0;0;0;
Custom;2023/03/06_13:44:32.614;4.118705;-1.80597;0.8190414;-1.84469;0;-5.960464E-08;0;0;0;0;-1.80597;1.278083;-1.84469;313.4608;154.9277;358.5471;-0.006256266;0;0;0;0;0;0;0;0;0;0;0;0;0;0;0;0;0;0;0;0;0;0;0;0;0;0;0;0;0;0;0;0;0;0;0;0;True;;False;True;False;True;right;right;;0;0;0;
Custom;2023/03/06_13:44:32.614;4.141445;-1.805937;0.8190557;-1.844666;0;-5.960464E-08;0;0;0;0;-1.805937;1.278111;-1.844666;313.4642;154.9364;358.5414;0.004099464;0;0;0;0;0;0;0;0;0;0;0;0;0;0;0;0;0;0;0;0;0;0;0;0;0;0;0;0;0;0;0;0;0;0;0;0;True;;False;True;False;True;right;right;;0;0;0;
Custom;2023/03/06_13:44:32.614;4.164936;-1.805915;0.819043;-1.844774;0;-5.960464E-08;0;0;0;0;-1.805915;1.278086;-1.844774;313.4731;154.9463;358.5259;0.005842926;0;0;0;0;0;0;0;0;0;0;0;0;0;0;0;0;0;0;0;0;0;0;0;0;0;0;0;0;0;0;0;0;0;0;0;0;True;;False;True;False;True;right;right;;0;0;0;
Custom;2023/03/06_13:44:32.615;4.185553;-1.805986;0.81901;-1.844819;0;-5.960464E-08;0;0;0;0;-1.805986;1.27802;-1.844819;313.4555;154.938;358.5345;-0.0007028315;0;0;0;0;0;0;0;0;0;0;0;0;0;0;0;0;0;0;0;0;0;0;0;0;0;0;0;0;0;0;0;0;0;0;0;0;True;;False;True;False;True;right;right;;0;0;0;
Custom;2023/03/06_13:44:32.615;4.20767;-1.806033;0.8190007;-1.84482;0;-5.960464E-08;0;0;0;0;-1.806033;1.278002;-1.84482;313.4626;154.9413;358.5281;-0.002613317;0;0;0;0;0;0;0;0;0;0;0;0;0;0;0;0;0;0;0;0;0;0;0;0;0;0;0;0;0;0;0;0;0;0;0;0;True;;False;True;False;True;right;right;;0;0;0;
Custom;2023/03/06_13:44:32.615;4.229828;-1.805988;0.8190017;-1.844829;0;-5.960464E-08;0;0;0;0;-1.805988;1.278003;-1.844829;313.4641;154.9541;358.522;-0.00157567;0;0;0;0;0;0;0;0;0;0;0;0;0;0;0;0;0;0;0;0;0;0;0;0;0;0;0;0;0;0;0;0;0;0;0;0;True;;False;True;False;True;right;right;;0;0;0;
Custom;2023/03/06_13:44:32.615;4.251938;-1.805967;0.8190079;-1.844868;0;-5.960464E-08;0;0;0;0;-1.805967;1.278016;-1.844868;313.469;154.9382;358.5413;-0.0005476176;0;0;0;0;0;0;0;0;0;0;0;0;0;0;0;0;0;0;0;0;0;0;0;0;0;0;0;0;0;0;0;0;0;0;0;0;True;;False;True;False;True;right;right;;0;0;0;
Custom;2023/03/06_13:44:32.615;4.274302;-1.806016;0.8190076;-1.844942;0;-5.960464E-08;0;0;0;0;-1.806016;1.278015;-1.844942;313.4701;154.9361;358.534;0.005713422;0;0;0;0;0;0;0;0;0;0;0;0;0;0;0;0;0;0;0;0;0;0;0;0;0;0;0;0;0;0;0;0;0;0;0;0;True;;False;True;False;True;right;right;;0;0;0;
Custom;2023/03/06_13:44:32.615;4.296435;-1.805965;0.8190531;-1.844903;0;-5.960464E-08;0;0;0;0;-1.805965;1.278106;-1.844903;313.4632;154.9406;358.5366;0.007362053;0;0;0;0;0;0;0;0;0;0;0;0;0;0;0;0;0;0;0;0;0;0;0;0;0;0;0;0;0;0;0;0;0;0;0;0;True;;False;True;False;True;right;right;;0;0;0;
Custom;2023/03/06_13:44:32.615;4.318564;-1.805952;0.8190422;-1.844952;0;-5.960464E-08;0;0;0;0;-1.805952;1.278085;-1.844952;313.4723;154.9445;358.5295;0.001445821;0;0;0;0;0;0;0;0;0;0;0;0;0;0;0;0;0;0;0;0;0;0;0;0;0;0;0;0;0;0;0;0;0;0;0;0;True;;False;True;False;True;right;right;;0;0;0;
Custom;2023/03/06_13:44:32.615;4.341298;-1.805882;0.8190844;-1.84481;0;-5.960464E-08;0;0;0;0;-1.805882;1.278169;-1.84481;313.4703;154.9409;358.5378;-0.002241089;0;0;0;0;0;0;0;0;0;0;0;0;0;0;0;0;0;0;0;0;0;0;0;0;0;0;0;0;0;0;0;0;0;0;0;0;True;;False;True;False;True;right;right;;0;0;0;
Custom;2023/03/06_13:44:32.615;4.363034;-1.805872;0.8190792;-1.844877;0;-5.960464E-08;0;0;0;0;-1.805872;1.278158;-1.844877;313.4642;154.9372;358.537;-0.002524946;0;0;0;0;0;0;0;0;0;0;0;0;0;0;0;0;0;0;0;0;0;0;0;0;0;0;0;0;0;0;0;0;0;0;0;0;True;;False;True;False;True;right;right;;0;0;0;
Custom;2023/03/06_13:44:32.615;4.385133;-1.805912;0.8190532;-1.844941;0;-5.960464E-08;0;0;0;0;-1.805912;1.278107;-1.844941;313.4656;154.9472;358.5322;0.001387803;0;0;0;0;0;0;0;0;0;0;0;0;0;0;0;0;0;0;0;0;0;0;0;0;0;0;0;0;0;0;0;0;0;0;0;0;True;;False;True;False;True;right;right;;0;0;0;
Custom;2023/03/06_13:44:32.615;4.407525;-1.805942;0.8190316;-1.84494;0;-5.960464E-08;0;0;0;0;-1.805942;1.278063;-1.84494;313.4611;154.9543;358.5219;0.0009257021;0;0;0;0;0;0;0;0;0;0;0;0;0;0;0;0;0;0;0;0;0;0;0;0;0;0;0;0;0;0;0;0;0;0;0;0;True;;False;True;False;True;right;right;;0;0;0;
Custom;2023/03/06_13:44:32.615;4.429761;-1.806;0.8190106;-1.844872;0;-5.960464E-08;0;0;0;0;-1.806;1.278021;-1.844872;313.4631;154.9484;358.5342;-0.004777316;0;0;0;0;0;0;0;0;0;0;0;0;0;0;0;0;0;0;0;0;0;0;0;0;0;0;0;0;0;0;0;0;0;0;0;0;True;;False;True;False;True;right;right;;0;0;0;
Custom;2023/03/06_13:44:32.615;4.451823;-1.806038;0.8190118;-1.844804;0;-5.960464E-08;0;0;0;0;-1.806038;1.278024;-1.844804;313.4689;154.9449;358.5312;-0.005878309;0;0;0;0;0;0;0;0;0;0;0;0;0;0;0;0;0;0;0;0;0;0;0;0;0;0;0;0;0;0;0;0;0;0;0;0;True;;False;True;False;True;right;right;;0;0;0;
Custom;2023/03/06_13:44:32.615;4.474133;-1.806024;0.8190407;-1.84477;0;-5.960464E-08;0;0;0;0;-1.806024;1.278081;-1.84477;313.4612;154.9421;358.5406;0.003491512;0;0;0;0;0;0;0;0;0;0;0;0;0;0;0;0;0;0;0;0;0;0;0;0;0;0;0;0;0;0;0;0;0;0;0;0;True;;False;True;False;True;right;right;;0;0;0;
Custom;2023/03/06_13:44:32.615;4.496487;-1.806046;0.8190011;-1.844844;0;-5.960464E-08;0;0;0;0;-1.806046;1.278002;-1.844844;313.4685;154.9541;358.5299;0.007274725;0;0;0;0;0;0;0;0;0;0;0;0;0;0;0;0;0;0;0;0;0;0;0;0;0;0;0;0;0;0;0;0;0;0;0;0;True;;False;True;False;True;right;right;;0;0;0;
Custom;2023/03/06_13:44:32.615;4.518486;-1.806009;0.8190032;-1.844751;0;-5.960464E-08;0;0;0;0;-1.806009;1.278007;-1.844751;313.4523;154.9504;358.5326;-0.01290841;0;0;0;0;0;0;0;0;0;0;0;0;0;0;0;0;0;0;0;0;0;0;0;0;0;0;0;0;0;0;0;0;0;0;0;0;True;;False;True;False;True;right;right;;0;0;0;
Custom;2023/03/06_13:44:32.615;4.540914;-1.806007;0.8190039;-1.844721;0;-5.960464E-08;0;0;0;0;-1.806007;1.278008;-1.844721;313.4635;154.9544;358.5303;0.002744647;0;0;0;0;0;0;0;0;0;0;0;0;0;0;0;0;0;0;0;0;0;0;0;0;0;0;0;0;0;0;0;0;0;0;0;0;True;;False;True;False;True;right;right;;0;0;0;
Custom;2023/03/06_13:44:32.615;4.563025;-1.806033;0.819013;-1.844764;0;-5.960464E-08;0;0;0;0;-1.806033;1.278026;-1.844764;313.4624;154.9567;358.533;0.004601687;0;0;0;0;0;0;0;0;0;0;0;0;0;0;0;0;0;0;0;0;0;0;0;0;0;0;0;0;0;0;0;0;0;0;0;0;True;;False;True;False;True;right;right;;0;0;0;
Custom;2023/03/06_13:44:32.615;4.58514;-1.806117;0.8190207;-1.844874;0;-5.960464E-08;0;0;0;0;-1.806117;1.278042;-1.844874;313.4667;154.9649;358.5234;0.00645159;0;0;0;0;0;0;0;0;0;0;0;0;0;0;0;0;0;0;0;0;0;0;0;0;0;0;0;0;0;0;0;0;0;0;0;0;True;;False;True;False;True;right;right;;0;0;0;
Custom;2023/03/06_13:44:32.615;4.607465;-1.806119;0.8190278;-1.844918;0;-5.960464E-08;0;0;0;0;-1.806119;1.278056;-1.844918;313.4567;154.9695;358.5212;0.001079274;0;0;0;0;0;0;0;0;0;0;0;0;0;0;0;0;0;0;0;0;0;0;0;0;0;0;0;0;0;0;0;0;0;0;0;0;True;;False;True;False;True;right;right;;0;0;0;
Custom;2023/03/06_13:44:32.615;4.629687;-1.806124;0.8190501;-1.844866;0;-5.960464E-08;0;0;0;0;-1.806124;1.2781;-1.844866;313.4684;154.9508;358.5433;0.001038817;0;0;0;0;0;0;0;0;0;0;0;0;0;0;0;0;0;0;0;0;0;0;0;0;0;0;0;0;0;0;0;0;0;0;0;0;True;;False;True;False;True;right;right;;0;0;0;
Custom;2023/03/06_13:44:32.615;4.651992;-1.80605;0.8190484;-1.844885;0;-5.960464E-08;0;0;0;0;-1.80605;1.278097;-1.844885;313.4628;154.9676;358.5366;0.006478873;0;0;0;0;0;0;0;0;0;0;0;0;0;0;0;0;0;0;0;0;0;0;0;0;0;0;0;0;0;0;0;0;0;0;0;0;True;;False;True;False;True;right;right;;0;0;0;
Custom;2023/03/06_13:44:32.615;4.674114;-1.805962;0.8190887;-1.844891;0;-5.960464E-08;0;0;0;0;-1.805962;1.278177;-1.844891;313.4614;154.9496;358.5406;0.006449499;0;0;0;0;0;0;0;0;0;0;0;0;0;0;0;0;0;0;0;0;0;0;0;0;0;0;0;0;0;0;0;0;0;0;0;0;True;;False;True;False;True;right;right;;0;0;0;
Custom;2023/03/06_13:44:32.615;4.696162;-1.805987;0.8190559;-1.844879;0;-5.960464E-08;0;0;0;0;-1.805987;1.278112;-1.844879;313.4675;154.9502;358.5438;-0.001282883;0;0;0;0;0;0;0;0;0;0;0;0;0;0;0;0;0;0;0;0;0;0;0;0;0;0;0;0;0;0;0;0;0;0;0;0;True;;False;True;False;True;right;right;;0;0;0;
Custom;2023/03/06_13:44:32.615;4.718329;-1.805908;0.8190805;-1.844775;0;-5.960464E-08;0;0;0;0;-1.805908;1.278161;-1.844775;313.4628;154.9661;358.5418;0.002590902;0;0;0;0;0;0;0;0;0;0;0;0;0;0;0;0;0;0;0;0;0;0;0;0;0;0;0;0;0;0;0;0;0;0;0;0;True;;False;True;False;True;right;right;;0;0;0;
Custom;2023/03/06_13:44:32.615;4.740589;-1.805864;0.8190835;-1.844757;0;-5.960464E-08;0;0;0;0;-1.805864;1.278167;-1.844757;313.4573;154.9577;358.5366;-0.002155673;0;0;0;0;0;0;0;0;0;0;0;0;0;0;0;0;0;0;0;0;0;0;0;0;0;0;0;0;0;0;0;0;0;0;0;0;True;;False;True;False;True;right;right;;0;0;0;
Custom;2023/03/06_13:44:32.615;4.762898;-1.805782;0.8190857;-1.844701;0;-5.960464E-08;0;0;0;0;-1.805782;1.278172;-1.844701;313.464;154.9561;358.5434;-0.00256874;0;0;0;0;0;0;0;0;0;0;0;0;0;0;0;0;0;0;0;0;0;0;0;0;0;0;0;0;0;0;0;0;0;0;0;0;True;;False;True;False;True;right;right;;0;0;0;
Custom;2023/03/06_13:44:32.615;4.785063;-1.805746;0.8190813;-1.844671;0;-5.960464E-08;0;0;0;0;-1.805746;1.278163;-1.844671;313.4619;154.9601;358.5485;-0.002745491;0;0;0;0;0;0;0;0;0;0;0;0;0;0;0;0;0;0;0;0;0;0;0;0;0;0;0;0;0;0;0;0;0;0;0;0;True;;False;True;False;True;right;right;;0;0;0;
Custom;2023/03/06_13:44:32.615;4.80796;-1.805772;0.8190691;-1.84475;0;-5.960464E-08;0;0;0;0;-1.805772;1.278139;-1.84475;313.4616;154.9514;358.5437;0.01061815;0;0;0;0;0;0;0;0;0;0;0;0;0;0;0;0;0;0;0;0;0;0;0;0;0;0;0;0;0;0;0;0;0;0;0;0;True;;False;True;False;True;right;right;;0;0;0;
Custom;2023/03/06_13:44:32.615;4.829732;-1.805755;0.8190809;-1.844757;0;-5.960464E-08;0;0;0;0;-1.805755;1.278162;-1.844757;313.459;154.9666;358.534;0.00301967;0;0;0;0;0;0;0;0;0;0;0;0;0;0;0;0;0;0;0;0;0;0;0;0;0;0;0;0;0;0;0;0;0;0;0;0;True;;False;True;False;True;right;right;;0;0;0;
Custom;2023/03/06_13:44:32.615;4.85159;-1.805852;0.819109;-1.844798;0;-5.960464E-08;0;0;0;0;-1.805852;1.278218;-1.844798;313.4633;154.9567;358.5371;0.009023717;0;0;0;0;0;0;0;0;0;0;0;0;0;0;0;0;0;0;0;0;0;0;0;0;0;0;0;0;0;0;0;0;0;0;0;0;True;;False;True;False;True;right;right;;0;0;0;
Custom;2023/03/06_13:44:32.615;4.874047;-1.80585;0.8191144;-1.844773;0;-5.960464E-08;0;0;0;0;-1.80585;1.278229;-1.844773;313.4625;154.9591;358.5359;-0.002446953;0;0;0;0;0;0;0;0;0;0;0;0;0;0;0;0;0;0;0;0;0;0;0;0;0;0;0;0;0;0;0;0;0;0;0;0;True;;False;True;False;True;right;right;;0;0;0;
Custom;2023/03/06_13:44:32.615;4.896202;-1.805822;0.8191241;-1.844643;0;-5.960464E-08;0;0;0;0;-1.805822;1.278248;-1.844643;313.4633;154.9599;358.5381;-0.007114051;0;0;0;0;0;0;0;0;0;0;0;0;0;0;0;0;0;0;0;0;0;0;0;0;0;0;0;0;0;0;0;0;0;0;0;0;True;;False;True;False;True;right;right;;0;0;0;
Custom;2023/03/06_13:44:32.615;4.918407;-1.805881;0.8191105;-1.844727;0;-5.960464E-08;0;0;0;0;-1.805881;1.278221;-1.844727;313.4706;154.9525;358.5374;-0.006973064;0;0;0;0;0;0;0;0;0;0;0;0;0;0;0;0;0;0;0;0;0;0;0;0;0;0;0;0;0;0;0;0;0;0;0;0;True;;False;True;False;True;right;right;;0;0;0;
Custom;2023/03/06_13:44:32.615;4.940651;-1.805842;0.8190979;-1.84475;0;-5.960464E-08;0;0;0;0;-1.805842;1.278196;-1.84475;313.4664;154.9548;358.5304;0.002433337;0;0;0;0;0;0;0;0;0;0;0;0;0;0;0;0;0;0;0;0;0;0;0;0;0;0;0;0;0;0;0;0;0;0;0;0;True;;False;True;False;True;right;right;;0;0;0;
Custom;2023/03/06_13:44:32.615;4.962877;-1.805841;0.8191142;-1.844719;0;-5.960464E-08;0;0;0;0;-1.805841;1.278229;-1.844719;313.4776;154.9547;358.5368;-0.001480578;0;0;0;0;0;0;0;0;0;0;0;0;0;0;0;0;0;0;0;0;0;0;0;0;0;0;0;0;0;0;0;0;0;0;0;0;True;;False;True;False;True;right;right;;0;0;0;
Custom;2023/03/06_13:44:32.615;4.984852;-1.805875;0.8190556;-1.844772;0;-5.960464E-08;0;0;0;0;-1.805875;1.278111;-1.844772;313.4742;154.9609;358.5262;-0.001569899;0;0;0;0;0;0;0;0;0;0;0;0;0;0;0;0;0;0;0;0;0;0;0;0;0;0;0;0;0;0;0;0;0;0;0;0;True;;False;True;False;True;right;right;;0;0;0;
Custom;2023/03/06_13:44:32.615;5.007177;-1.805903;0.8190423;-1.844744;0;-5.960464E-08;0;0;0;0;-1.805903;1.278085;-1.844744;313.4702;154.9569;358.5342;0.001227838;0;0;0;0;0;0;0;0;0;0;0;0;0;0;0;0;0;0;0;0;0;0;0;0;0;0;0;0;0;0;0;0;0;0;0;0;True;;False;True;False;True;right;right;;0;0;0;
Custom;2023/03/06_13:44:32.615;5.029402;-1.805937;0.81902;-1.844787;0;-5.960464E-08;0;0;0;0;-1.805937;1.27804;-1.844787;313.4746;154.9579;358.5286;-0.004000255;0;0;0;0;0;0;0;0;0;0;0;0;0;0;0;0;0;0;0;0;0;0;0;0;0;0;0;0;0;0;0;0;0;0;0;0;True;;False;True;False;True;right;right;;0;0;0;
Custom;2023/03/06_13:44:32.616;5.051569;-1.80585;0.8190248;-1.844727;0;-5.960464E-08;0;0;0;0;-1.80585;1.27805;-1.844727;313.4817;154.9651;358.5297;0.005952566;0;0;0;0;0;0;0;0;0;0;0;0;0;0;0;0;0;0;0;0;0;0;0;0;0;0;0;0;0;0;0;0;0;0;0;0;True;;False;True;False;True;right;right;;0;0;0;
Custom;2023/03/06_13:44:32.616;5.073868;-1.805827;0.8190647;-1.844757;0;-5.960464E-08;0;0;0;0;-1.805827;1.27813;-1.844757;313.4653;154.974;358.5151;0.0005970812;0;0;0;0;0;0;0;0;0;0;0;0;0;0;0;0;0;0;0;0;0;0;0;0;0;0;0;0;0;0;0;0;0;0;0;0;True;;False;True;False;True;right;right;;0;0;0;
Custom;2023/03/06_13:44:32.616;5.096032;-1.805783;0.8190753;-1.844758;0;-5.960464E-08;0;0;0;0;-1.805783;1.278151;-1.844758;313.4673;154.9554;358.5357;0.003644503;0;0;0;0;0;0;0;0;0;0;0;0;0;0;0;0;0;0;0;0;0;0;0;0;0;0;0;0;0;0;0;0;0;0;0;0;True;;False;True;False;True;right;right;;0;0;0;
Custom;2023/03/06_13:44:32.616;5.129365;-1.805774;0.8190725;-1.844826;0;-5.960464E-08;0;0;0;0;-1.805774;1.278145;-1.844826;313.4725;154.9668;358.5138;0.005654103;0;0;0;0;0;0;0;0;0;0;0;0;0;0;0;0;0;0;0;0;0;0;0;0;0;0;0;0;0;0;0;0;0;0;0;0;True;;False;True;False;True;right;right;;0;0;0;
Custom;2023/03/06_13:44:32.616;5.149655;-1.805822;0.8190699;-1.844828;0;-5.960464E-08;0;0;0;0;-1.805845;1.278164;-1.844845;313.4671;154.97;358.5172;-0.005262539;0;0;0;0;0;0;0;0;0;0;0;0;0;0;0;0;0;0;0;0;0;0;0;0;0;0;0;0;0;0;0;0;0;0;0;0;True;;False;True;False;True;right;right;;0;0;0;
Custom;2023/03/06_13:44:32.616;5.169744;-1.80585;0.8190722;-1.84489;0;-5.960464E-08;0;0;0;0;-1.80585;1.278145;-1.84489;313.4645;154.9911;358.5083;0.003923429;0;0;0;0;0;0;0;0;0;0;0;0;0;0;0;0;0;0;0;0;0;0;0;0;0;0;0;0;0;0;0;0;0;0;0;0;True;;False;True;False;True;right;right;;0;0;0;
Custom;2023/03/06_13:44:32.616;5.191832;-1.805932;0.8190367;-1.844907;0;-5.960464E-08;0;0;0;0;-1.805932;1.278074;-1.844907;313.4705;154.9724;358.5179;-0.006362265;0;0;0;0;0;0;0;0;0;0;0;0;0;0;0;0;0;0;0;0;0;0;0;0;0;0;0;0;0;0;0;0;0;0;0;0;True;;False;True;False;True;right;right;;0;0;0;
Custom;2023/03/06_13:44:32.616;5.213994;-1.805921;0.8190098;-1.844865;0;-5.960464E-08;0;0;0;0;-1.805921;1.27802;-1.844865;313.471;154.9698;358.5129;-0.005449917;0;0;0;0;0;0;0;0;0;0;0;0;0;0;0;0;0;0;0;0;0;0;0;0;0;0;0;0;0;0;0;0;0;0;0;0;True;;False;True;False;True;right;right;;0;0;0;
Custom;2023/03/06_13:44:32.616;5.236186;-1.805939;0.8190281;-1.844887;0;-5.960464E-08;0;0;0;0;-1.805939;1.278057;-1.844887;313.4615;154.973;358.5201;0.001558411;0;0;0;0;0;0;0;0;0;0;0;0;0;0;0;0;0;0;0;0;0;0;0;0;0;0;0;0;0;0;0;0;0;0;0;0;True;;False;True;False;True;right;right;;0;0;0;
Custom;2023/03/06_13:44:32.616;5.258742;-1.80604;0.8189737;-1.845017;0;-5.960464E-08;0;0;0;0;-1.80604;1.277948;-1.845017;313.4662;154.9636;358.5137;0.01223934;0;0;0;0;0;0;0;0;0;0;0;0;0;0;0;0;0;0;0;0;0;0;0;0;0;0;0;0;0;0;0;0;0;0;0;0;True;;False;True;False;True;right;right;;0;0;0;
Custom;2023/03/06_13:44:32.616;5.280855;-1.805989;0.8189527;-1.844916;0;-5.960464E-08;0;0;0;0;-1.805989;1.277905;-1.844916;313.4776;154.9814;358.5056;-0.009466955;0;0;0;0;0;0;0;0;0;0;0;0;0;0;0;0;0;0;0;0;0;0;0;0;0;0;0;0;0;0;0;0;0;0;0;0;True;;False;True;False;True;right;right;;0;0;0;
Custom;2023/03/06_13:44:32.616;5.302822;-1.80594;0.8189608;-1.844872;0;-5.960464E-08;0;0;0;0;-1.80594;1.277922;-1.844872;313.4653;154.9689;358.5227;-0.0005395304;0;0;0;0;0;0;0;0;0;0;0;0;0;0;0;0;0;0;0;0;0;0;0;0;0;0;0;0;0;0;0;0;0;0;0;0;True;;False;True;False;True;right;right;;0;0;0;
Custom;2023/03/06_13:44:32.616;5.325182;-1.805889;0.8189621;-1.844809;0;-5.960464E-08;0;0;0;0;-1.805889;1.277924;-1.844809;313.4543;154.957;358.535;-0.002659688;0;0;0;0;0;0;0;0;0;0;0;0;0;0;0;0;0;0;0;0;0;0;0;0;0;0;0;0;0;0;0;0;0;0;0;0;True;;False;True;False;True;right;right;;0;0;0;
Custom;2023/03/06_13:44:32.616;5.347338;-1.805945;0.8189896;-1.844828;0;-5.960464E-08;0;0;0;0;-1.805945;1.277979;-1.844828;313.463;154.9765;358.5182;-0.002432966;0;0;0;0;0;0;0;0;0;0;0;0;0;0;0;0;0;0;0;0;0;0;0;0;0;0;0;0;0;0;0;0;0;0;0;0;True;;False;True;False;True;right;right;;0;0;0;
Custom;2023/03/06_13:44:32.616;5.369428;-1.805913;0.8190025;-1.844901;0;-5.960464E-08;0;0;0;0;-1.805913;1.278005;-1.844901;313.4779;154.9838;358.5028;0.005002617;0;0;0;0;0;0;0;0;0;0;0;0;0;0;0;0;0;0;0;0;0;0;0;0;0;0;0;0;0;0;0;0;0;0;0;0;True;;False;True;False;True;right;right;;0;0;0;
Custom;2023/03/06_13:44:32.616;5.392062;-1.805929;0.8189973;-1.844926;0;-5.960464E-08;0;0;0;0;-1.805929;1.277995;-1.844926;313.4623;154.9827;358.5203;0.003050189;0;0;0;0;0;0;0;0;0;0;0;0;0;0;0;0;0;0;0;0;0;0;0;0;0;0;0;0;0;0;0;0;0;0;0;0;True;;False;True;False;True;right;right;;0;0;0;
Custom;2023/03/06_13:44:32.616;5.413859;-1.805968;0.8189832;-1.844987;0;-5.960464E-08;0;0;0;0;-1.805968;1.277967;-1.844987;313.4686;154.9717;358.5188;0.007134019;0;0;0;0;0;0;0;0;0;0;0;0;0;0;0;0;0;0;0;0;0;0;0;0;0;0;0;0;0;0;0;0;0;0;0;0;True;;False;True;False;True;right;right;;0;0;0;
Custom;2023/03/06_13:44:32.616;5.436289;-1.805999;0.8189801;-1.844984;0;-5.960464E-08;0;0;0;0;-1.805999;1.27796;-1.844984;313.4699;154.966;358.5245;-0.001580665;0;0;0;0;0;0;0;0;0;0;0;0;0;0;0;0;0;0;0;0;0;0;0;0;0;0;0;0;0;0;0;0;0;0;0;0;True;;False;True;False;True;right;right;;0;0;0;
Custom;2023/03/06_13:44:32.616;5.458591;-1.805943;0.8190022;-1.844882;0;-5.960464E-08;0;0;0;0;-1.805943;1.278004;-1.844882;313.4609;154.9629;358.536;0.0018579;0;0;0;0;0;0;0;0;0;0;0;0;0;0;0;0;0;0;0;0;0;0;0;0;0;0;0;0;0;0;0;0;0;0;0;0;True;;False;True;False;True;right;right;;0;0;0;
Custom;2023/03/06_13:44:32.616;5.480463;-1.805978;0.8189889;-1.844898;0;-5.960464E-08;0;0;0;0;-1.805978;1.277978;-1.844898;313.4624;154.9685;358.5267;-0.0006239775;0;0;0;0;0;0;0;0;0;0;0;0;0;0;0;0;0;0;0;0;0;0;0;0;0;0;0;0;0;0;0;0;0;0;0;0;True;;False;True;False;True;right;right;;0;0;0;
Custom;2023/03/06_13:44:32.616;5.503253;-1.805936;0.8190315;-1.844869;0;-5.960464E-08;0;0;0;0;-1.805936;1.278063;-1.844869;313.4497;154.9695;358.5255;-0.002077284;0;0;0;0;0;0;0;0;0;0;0;0;0;0;0;0;0;0;0;0;0;0;0;0;0;0;0;0;0;0;0;0;0;0;0;0;True;;False;True;False;True;right;right;;0;0;0;
Custom;2023/03/06_13:44:32.616;5.525962;-1.805931;0.8190585;-1.844867;0;-5.960464E-08;0;0;0;0;-1.805931;1.278117;-1.844867;313.4704;154.9507;358.5476;-0.001223324;0;0;0;0;0;0;0;0;0;0;0;0;0;0;0;0;0;0;0;0;0;0;0;0;0;0;0;0;0;0;0;0;0;0;0;0;True;;False;True;False;True;right;right;;0;0;0;
Custom;2023/03/06_13:44:32.616;5.548409;-1.805943;0.8190305;-1.844955;0;-5.960464E-08;0;0;0;0;-1.805943;1.278061;-1.844955;313.469;154.9617;358.5317;0.006631054;0;0;0;0;0;0;0;0;0;0;0;0;0;0;0;0;0;0;0;0;0;0;0;0;0;0;0;0;0;0;0;0;0;0;0;0;True;;False;True;False;True;right;right;;0;0;0;
Custom;2023/03/06_13:44:32.616;5.571118;-1.805874;0.8190359;-1.844863;0;-5.960464E-08;0;0;0;0;-1.805874;1.278072;-1.844863;313.4606;154.9656;358.5251;-0.008900709;0;0;0;0;0;0;0;0;0;0;0;0;0;0;0;0;0;0;0;0;0;0;0;0;0;0;0;0;0;0;0;0;0;0;0;0;True;;False;True;False;True;right;right;;0;0;0;
Custom;2023/03/06_13:44:32.616;5.59398;-1.805891;0.8190279;-1.844842;0;-5.960464E-08;0;0;0;0;-1.805891;1.278056;-1.844842;313.4541;154.9554;358.535;-0.003798243;0;0;0;0;0;0;0;0;0;0;0;0;0;0;0;0;0;0;0;0;0;0;0;0;0;0;0;0;0;0;0;0;0;0;0;0;True;;False;True;False;True;right;right;;0;0;0;
Custom;2023/03/06_13:44:32.616;5.616403;-1.805905;0.8190407;-1.844822;0;-5.960464E-08;0;0;0;0;-1.805905;1.278081;-1.844822;313.458;154.9582;358.5378;-0.002492335;0;0;0;0;0;0;0;0;0;0;0;0;0;0;0;0;0;0;0;0;0;0;0;0;0;0;0;0;0;0;0;0;0;0;0;0;True;;False;True;False;True;right;right;;0;0;0;
Custom;2023/03/06_13:44:32.616;5.639018;-1.806003;0.8190151;-1.844903;0;-5.960464E-08;0;0;0;0;-1.806003;1.278031;-1.844903;313.4618;154.9426;358.55;0.003521532;0;0;0;0;0;0;0;0;0;0;0;0;0;0;0;0;0;0;0;0;0;0;0;0;0;0;0;0;0;0;0;0;0;0;0;0;True;;False;True;False;True;right;right;;0;0;0;
Custom;2023/03/06_13:44:32.616;5.661842;-1.806071;0.8190224;-1.84494;0;-5.960464E-08;0;0;0;0;-1.806071;1.278045;-1.84494;313.4633;154.9756;358.5177;0.0006859428;0;0;0;0;0;0;0;0;0;0;0;0;0;0;0;0;0;0;0;0;0;0;0;0;0;0;0;0;0;0;0;0;0;0;0;0;True;;False;True;False;True;right;right;;0;0;0;
Custom;2023/03/06_13:44:32.616;5.68436;-1.806118;0.8190219;-1.844953;0;-5.960464E-08;0;0;0;0;-1.806118;1.278044;-1.844953;313.4485;154.9733;358.5146;-0.003104333;0;0;0;0;0;0;0;0;0;0;0;0;0;0;0;0;0;0;0;0;0;0;0;0;0;0;0;0;0;0;0;0;0;0;0;0;True;;False;True;False;True;right;right;;0;0;0;
Custom;2023/03/06_13:44:32.616;5.706971;-1.806109;0.81906;-1.844891;0;-5.960464E-08;0;0;0;0;-1.806109;1.27812;-1.844891;313.4613;154.9602;358.5258;-0.004512535;0;0;0;0;0;0;0;0;0;0;0;0;0;0;0;0;0;0;0;0;0;0;0;0;0;0;0;0;0;0;0;0;0;0;0;0;True;;False;True;False;True;right;right;;0;0;0;
Custom;2023/03/06_13:44:32.616;5.729286;-1.806154;0.8190619;-1.844871;0;-5.960464E-08;0;0;0;0;-1.806154;1.278124;-1.844871;313.4591;154.9658;358.5277;-0.0007533224;0;0;0;0;0;0;0;0;0;0;0;0;0;0;0;0;0;0;0;0;0;0;0;0;0;0;0;0;0;0;0;0;0;0;0;0;True;;False;True;False;True;right;right;;0;0;0;
Custom;2023/03/06_13:44:32.616;5.751483;-1.806151;0.819038;-1.844894;0;-5.960464E-08;0;0;0;0;-1.806151;1.278076;-1.844894;313.4522;154.9497;358.5336;-0.0009275354;0;0;0;0;0;0;0;0;0;0;0;0;0;0;0;0;0;0;0;0;0;0;0;0;0;0;0;0;0;0;0;0;0;0;0;0;True;;False;True;False;True;right;right;;0;0;0;
Custom;2023/03/06_13:44:32.616;5.773551;-1.8061;0.8190662;-1.844898;0;-5.960464E-08;0;0;0;0;-1.8061;1.278132;-1.844898;313.4544;154.9482;358.5283;0.006835825;0;0;0;0;0;0;0;0;0;0;0;0;0;0;0;0;0;0;0;0;0;0;0;0;0;0;0;0;0;0;0;0;0;0;0;0;True;;False;True;False;True;right;right;;0;0;0;
Custom;2023/03/06_13:44:32.616;5.795891;-1.806036;0.8190669;-1.844928;0;-5.960464E-08;0;0;0;0;-1.806036;1.278134;-1.844928;313.4579;154.9525;358.5363;0.003527139;0;0;0;0;0;0;0;0;0;0;0;0;0;0;0;0;0;0;0;0;0;0;0;0;0;0;0;0;0;0;0;0;0;0;0;0;True;;False;True;False;True;right;right;;0;0;0;
Custom;2023/03/06_13:44:32.616;5.818033;-1.805987;0.8190787;-1.844954;0;-5.960464E-08;0;0;0;0;-1.805987;1.278157;-1.844954;313.4629;154.9574;358.5414;0.0009760073;0;0;0;0;0;0;0;0;0;0;0;0;0;0;0;0;0;0;0;0;0;0;0;0;0;0;0;0;0;0;0;0;0;0;0;0;True;;False;True;False;True;right;right;;0;0;0;
Custom;2023/03/06_13:44:32.616;5.840175;-1.806013;0.8190373;-1.844962;0;-5.960464E-08;0;0;0;0;-1.806013;1.278075;-1.844962;313.4539;154.934;358.5537;-0.001818754;0;0;0;0;0;0;0;0;0;0;0;0;0;0;0;0;0;0;0;0;0;0;0;0;0;0;0;0;0;0;0;0;0;0;0;0;True;;False;True;False;True;right;right;;0;0;0;
Custom;2023/03/06_13:44:32.616;5.862607;-1.805955;0.819023;-1.844908;0;-5.960464E-08;0;0;0;0;-1.805955;1.278046;-1.844908;313.4659;154.93;358.5522;-0.0009072935;0;0;0;0;0;0;0;0;0;0;0;0;0;0;0;0;0;0;0;0;0;0;0;0;0;0;0;0;0;0;0;0;0;0;0;0;True;;False;True;False;True;right;right;;0;0;0;
Custom;2023/03/06_13:44:32.616;5.884517;-1.805924;0.8190514;-1.844765;0;-5.960464E-08;0;0;0;0;-1.805924;1.278103;-1.844765;313.4625;154.9472;358.5453;-0.002333872;0;0;0;0;0;0;0;0;0;0;0;0;0;0;0;0;0;0;0;0;0;0;0;0;0;0;0;0;0;0;0;0;0;0;0;0;True;;False;True;False;True;right;right;;0;0;0;
Custom;2023/03/06_13:44:32.616;5.907102;-1.805963;0.8190368;-1.844781;0;-5.960464E-08;0;0;0;0;-1.805963;1.278074;-1.844781;313.4585;154.944;358.5384;-0.005629599;0;0;0;0;0;0;0;0;0;0;0;0;0;0;0;0;0;0;0;0;0;0;0;0;0;0;0;0;0;0;0;0;0;0;0;0;True;;False;True;False;True;right;right;;0;0;0;
Custom;2023/03/06_13:44:32.617;5.929058;-1.805932;0.8190742;-1.84481;0;-5.960464E-08;0;0;0;0;-1.805932;1.278149;-1.84481;313.4632;154.9335;358.5585;0.004298172;0;0;0;0;0;0;0;0;0;0;0;0;0;0;0;0;0;0;0;0;0;0;0;0;0;0;0;0;0;0;0;0;0;0;0;0;True;;False;True;False;True;right;right;;0;0;0;
Custom;2023/03/06_13:44:32.617;5.951177;-1.805916;0.819052;-1.844881;0;-5.960464E-08;0;0;0;0;-1.805916;1.278104;-1.844881;313.4592;154.9422;358.5402;0.005372216;0;0;0;0;0;0;0;0;0;0;0;0;0;0;0;0;0;0;0;0;0;0;0;0;0;0;0;0;0;0;0;0;0;0;0;0;True;;False;True;False;True;right;right;;0;0;0;
Custom;2023/03/06_13:44:32.617;5.973444;-1.805887;0.8190639;-1.844826;0;-5.960464E-08;0;0;0;0;-1.805887;1.278128;-1.844826;313.4768;154.919;358.5603;-0.006639186;0;0;0;0;0;0;0;0;0;0;0;0;0;0;0;0;0;0;0;0;0;0;0;0;0;0;0;0;0;0;0;0;0;0;0;0;True;;False;True;False;True;right;right;;0;0;0;
Custom;2023/03/06_13:44:32.617;5.995634;-1.805848;0.8190504;-1.844777;0;-5.960464E-08;0;0;0;0;-1.805848;1.278101;-1.844777;313.4533;154.925;358.5473;-0.00501312;0;0;0;0;0;0;0;0;0;0;0;0;0;0;0;0;0;0;0;0;0;0;0;0;0;0;0;0;0;0;0;0;0;0;0;0;True;;False;True;False;True;right;right;;0;0;0;
Custom;2023/03/06_13:44:32.617;6.017821;-1.805911;0.819011;-1.84479;0;-5.960464E-08;0;0;0;0;-1.805911;1.278022;-1.84479;313.4626;154.9352;358.5457;-0.006325843;0;0;0;0;0;0;0;0;0;0;0;0;0;0;0;0;0;0;0;0;0;0;0;0;0;0;0;0;0;0;0;0;0;0;0;0;True;;False;True;False;True;right;right;;0;0;0;
Custom;2023/03/06_13:44:32.617;6.040053;-1.805983;0.8189861;-1.844899;0;-5.960464E-08;0;0;0;0;-1.805983;1.277972;-1.844899;313.4719;154.9312;358.5481;0.001473102;0;0;0;0;0;0;0;0;0;0;0;0;0;0;0;0;0;0;0;0;0;0;0;0;0;0;0;0;0;0;0;0;0;0;0;0;True;;False;True;False;True;right;right;;0;0;0;
Custom;2023/03/06_13:44:32.617;6.06394;-1.805946;0.8189402;-1.844902;0;-5.960464E-08;0;0;0;0;-1.805946;1.27788;-1.844902;313.4687;154.9288;358.547;-0.0001545564;0;0;0;0;0;0;0;0;0;0;0;0;0;0;0;0;0;0;0;0;0;0;0;0;0;0;0;0;0;0;0;0;0;0;0;0;True;;False;True;False;True;right;right;;0;0;0;
Custom;2023/03/06_13:44:32.617;6.084533;-1.805924;0.8189524;-1.84486;0;-5.960464E-08;0;0;0;0;-1.805924;1.277905;-1.84486;313.4644;154.9369;358.5486;-0.001814368;0;0;0;0;0;0;0;0;0;0;0;0;0;0;0;0;0;0;0;0;0;0;0;0;0;0;0;0;0;0;0;0;0;0;0;0;True;;False;True;False;True;right;right;;0;0;0;
Custom;2023/03/06_13:44:32.617;6.106748;-1.806031;0.8189713;-1.844874;0;-5.960464E-08;0;0;0;0;-1.806031;1.277943;-1.844874;313.4641;154.9322;358.5399;0.002404747;0;0;0;0;0;0;0;0;0;0;0;0;0;0;0;0;0;0;0;0;0;0;0;0;0;0;0;0;0;0;0;0;0;0;0;0;True;;False;True;False;True;right;right;;0;0;0;
Custom;2023/03/06_13:44:32.617;6.129105;-1.806074;0.8189934;-1.844862;0;-5.960464E-08;0;0;0;0;-1.806074;1.277987;-1.844862;313.4636;154.9492;358.529;-0.004251907;0;0;0;0;0;0;0;0;0;0;0;0;0;0;0;0;0;0;0;0;0;0;0;0;0;0;0;0;0;0;0;0;0;0;0;0;True;;False;True;False;True;right;right;;0;0;0;
